ISO-10303-21;
HEADER;
FILE_DESCRIPTION(
  ('This file contains a STEP AP42 implementation'
    ,'as created by ZW3D STEP Interface translator.'
    ,'')
  ,'2;1'
  );
FILE_NAME(
  '×¦×Ó·½°¸1»¬¿é3D´òÓ¡²âÊÔ.stp'
  ,'26 916.235036',
  (''),
  ('ZWCAD Software Co.'),
  'Version 1.0',
  'ZW3D to STEP translator',
  ''
  );
FILE_SCHEMA(('AUTOMOTIVE_DESIGN { 1 0 10303 214 1 1 1 1 }'));
ENDSEC;

DATA;

/**File Base Unit**/
#1=(LENGTH_UNIT()NAMED_UNIT(*)SI_UNIT(.MILLI.,.METRE.));
#2=(NAMED_UNIT(*)PLANE_ANGLE_UNIT()SI_UNIT($,.RADIAN.));
#3=(NAMED_UNIT(*)SI_UNIT($,.STERADIAN.)SOLID_ANGLE_UNIT());
#4=UNCERTAINTY_MEASURE_WITH_UNIT(LENGTH_MEASURE(0.01),#1,'DISTANCE_ACCURACY_VALUE','Maximum Tolerance applied to model');
#5=(GEOMETRIC_REPRESENTATION_CONTEXT(3)GLOBAL_UNCERTAINTY_ASSIGNED_CONTEXT((#4))GLOBAL_UNIT_ASSIGNED_CONTEXT((#1,#2,#3))REPRESENTATION_CONTEXT('STEP 203','TOP_LEVEL_ASSEMBLY_PART'));

/**product_definition_shape**/
#6=APPLICATION_CONTEXT('mechanical parts and assemblies' );
#7=DESIGN_CONTEXT('NONE',#6,'design');
#8=MECHANICAL_CONTEXT('NONE',#6,'mechanical');
#9=PRODUCT('0','Part','',(#8));
#10=PRODUCT_DEFINITION_FORMATION_WITH_SPECIFIED_SOURCE('ANY','',#9,.NOT_KNOWN.);
#11=PRODUCT_DEFINITION('UNKNOWN','',#10,#7);
#12=PRODUCT_DEFINITION_SHAPE('NONE','NONE',#11);
#13=PRODUCT_RELATED_PRODUCT_CATEGORY('detail','',(#9));
/**geometry information**/
#14=CARTESIAN_POINT('',(0.,0.,0.));
#15=DIRECTION('',(0.,0.,1.));
#16=DIRECTION('',(1.,0.,0.));
#17=AXIS2_PLACEMENT_3D('',#14,#15,#16);
#18=SHAPE_REPRESENTATION('none',(#17),#5);
#19=SHAPE_DEFINITION_REPRESENTATION(#12,#18);
#20=CARTESIAN_POINT('',(2.75,17.77488177991,0.));
#21=CARTESIAN_POINT('',(2.75,17.77488177991,12.));
#22=CARTESIAN_POINT('',(2.75,16.387440889955,0.));
#23=CARTESIAN_POINT('',(2.75,16.387440889955,12.));
#24=CARTESIAN_POINT('',(2.75,15.,0.));
#25=CARTESIAN_POINT('',(2.75,15.,12.));
#26=CARTESIAN_POINT('',(2.75,12.25,0.));
#27=CARTESIAN_POINT('',(2.75,12.25,12.));
#28=CARTESIAN_POINT('',(-9.4925601449835E-16,12.25,0.));
#29=CARTESIAN_POINT('',(-9.4925601449835E-16,12.25,12.));
#30=CARTESIAN_POINT('',(-2.75,12.25,0.));
#31=CARTESIAN_POINT('',(-2.75,12.25,12.));
#32=CARTESIAN_POINT('',(-2.75,15.,0.));
#33=CARTESIAN_POINT('',(-2.75,15.,12.));
#34=CARTESIAN_POINT('',(-2.75,16.386282938118,0.));
#35=CARTESIAN_POINT('',(-2.75,16.386282938118,12.));
#36=CARTESIAN_POINT('',(-2.75,17.772565876236,0.));
#37=CARTESIAN_POINT('',(-2.75,17.772565876236,12.));
#38=(BOUNDED_SURFACE()B_SPLINE_SURFACE(2,1,((#20,#21),(#22,#23),(#24,#25),(#26,#27),(#28,#29),(#30,#31),(#32,#33),(#34,#35),(#36,#37)),.SURF_OF_LINEAR_EXTRUSION.,.F.,.F.,.U.)B_SPLINE_SURFACE_WITH_KNOTS((3,2,2,2,3),(2,2),(0.,0.20823656321769,0.50008689664283,0.79193723006797,1.),(0.,1.),.UNSPECIFIED.)GEOMETRIC_REPRESENTATION_ITEM()RATIONAL_B_SPLINE_SURFACE(((1.,1.),(1.,1.),(1.,1.),(0.70710678118655,0.70710678118655),(1.,1.),(0.70710678118655,0.70710678118655),(1.,1.),(1.,1.),(1.,1.)))REPRESENTATION_ITEM('')SURFACE());
#39=CARTESIAN_POINT('',(2.75,15.761900266148,2.7499708996545E-17));
#40=VERTEX_POINT('',#39);
#41=CARTESIAN_POINT('',(-2.75,15.761900266148,2.0590933695175E-17));
#42=VERTEX_POINT('',#41);
#43=CARTESIAN_POINT('',(2.75,15.761900266148,0.));
#44=CARTESIAN_POINT('',(2.75,15.380950133074,0.));
#45=CARTESIAN_POINT('',(2.75,15.,0.));
#46=CARTESIAN_POINT('',(2.75,12.25,0.));
#47=CARTESIAN_POINT('',(-9.4925601449835E-16,12.25,0.));
#48=CARTESIAN_POINT('',(-2.75,12.25,0.));
#49=CARTESIAN_POINT('',(-2.75,15.,0.));
#50=CARTESIAN_POINT('',(-2.75,15.380950133074,0.));
#51=CARTESIAN_POINT('',(-2.75,15.761900266148,0.));
#52=(BOUNDED_CURVE()B_SPLINE_CURVE(2,(#43,#44,#45,#46,#47,#48,#49,#50,#51),.UNSPECIFIED.,.F.,.U.)B_SPLINE_CURVE_WITH_KNOTS((3,2,2,2,3),(0.15106097682479,0.20823656321769,0.50008689664283,0.79193723006797,0.84911281646087),.UNSPECIFIED.)CURVE()GEOMETRIC_REPRESENTATION_ITEM()RATIONAL_B_SPLINE_CURVE((1.,1.,1.,0.70710678118655,1.,0.70710678118655,1.,1.,1.))REPRESENTATION_ITEM(''));
#53=EDGE_CURVE('',#40,#42,#52,.T.);
#54=ORIENTED_EDGE('E1',*,*,#53,.T.);
#55=CARTESIAN_POINT('',(-2.75,15.761900266148,11.));
#56=VERTEX_POINT('',#55);
#57=CARTESIAN_POINT('',(-2.75,15.761900266148,0.));
#58=DIRECTION('',(0.,0.,1.));
#59=VECTOR('',#58,11.);
#60=LINE('',#57,#59);
#61=EDGE_CURVE('',#42,#56,#60,.T.);
#62=ORIENTED_EDGE('E29',*,*,#61,.T.);
#63=CARTESIAN_POINT('',(2.75,15.761900266148,11.));
#64=VERTEX_POINT('',#63);
#65=CARTESIAN_POINT('',(-2.75,15.761900266148,11.));
#66=CARTESIAN_POINT('',(-2.75,15.380950133074,11.));
#67=CARTESIAN_POINT('',(-2.75,15.,11.));
#68=CARTESIAN_POINT('',(-2.75,12.25,11.));
#69=CARTESIAN_POINT('',(-9.4925601449835E-16,12.25,11.));
#70=CARTESIAN_POINT('',(2.75,12.25,11.));
#71=CARTESIAN_POINT('',(2.75,15.,11.));
#72=CARTESIAN_POINT('',(2.75,15.380950133074,11.));
#73=CARTESIAN_POINT('',(2.75,15.761900266148,11.));
#74=(BOUNDED_CURVE()B_SPLINE_CURVE(2,(#65,#66,#67,#68,#69,#70,#71,#72,#73),.UNSPECIFIED.,.F.,.U.)B_SPLINE_CURVE_WITH_KNOTS((3,2,2,2,3),(0.15088718353913,0.20806276993203,0.49991310335717,0.79176343678231,0.84893902317521),.UNSPECIFIED.)CURVE()GEOMETRIC_REPRESENTATION_ITEM()RATIONAL_B_SPLINE_CURVE((1.,1.,1.,0.70710678118655,1.,0.70710678118655,1.,1.,1.))REPRESENTATION_ITEM(''));
#75=EDGE_CURVE('',#56,#64,#74,.T.);
#76=ORIENTED_EDGE('E31',*,*,#75,.T.);
#77=CARTESIAN_POINT('',(2.75,15.761900266148,11.));
#78=DIRECTION('',(0.,0.,-1.));
#79=VECTOR('',#78,11.);
#80=LINE('',#77,#79);
#81=EDGE_CURVE('',#64,#40,#80,.T.);
#82=ORIENTED_EDGE('E30',*,*,#81,.T.);
#83=EDGE_LOOP('',(#54,#62,#76,#82));
#84=FACE_OUTER_BOUND('',#83,.T.);
#85=ADVANCED_FACE('F9',(#84),#38,.T.);
#86=CARTESIAN_POINT('',(-16.768499170667,-6.5058710295479,0.));
#87=CARTESIAN_POINT('',(-16.768499170667,-6.5058710295479,12.));
#88=CARTESIAN_POINT('',(-15.566940113717,-5.8121505845703,0.));
#89=CARTESIAN_POINT('',(-15.566940113717,-5.8121505845703,12.));
#90=CARTESIAN_POINT('',(-14.365381056767,-5.1184301395928,0.));
#91=CARTESIAN_POINT('',(-14.365381056767,-5.1184301395928,12.));
#92=CARTESIAN_POINT('',(-11.983811196359,-3.7434301395928,0.));
#93=CARTESIAN_POINT('',(-11.983811196359,-3.7434301395928,12.));
#94=CARTESIAN_POINT('',(-10.608811196359,-6.125,0.));
#95=CARTESIAN_POINT('',(-10.608811196359,-6.125,12.));
#96=CARTESIAN_POINT('',(-9.2338111963594,-8.5065698604072,0.));
#97=CARTESIAN_POINT('',(-9.2338111963594,-8.5065698604072,12.));
#98=CARTESIAN_POINT('',(-11.615381056767,-9.8815698604072,0.));
#99=CARTESIAN_POINT('',(-11.615381056767,-9.8815698604072,12.));
#100=CARTESIAN_POINT('',(-12.81593729801,-10.574711329466,0.));
#101=CARTESIAN_POINT('',(-12.81593729801,-10.574711329466,12.));
#102=CARTESIAN_POINT('',(-14.016493539253,-11.267852798525,0.));
#103=CARTESIAN_POINT('',(-14.016493539253,-11.267852798525,12.));
#104=(BOUNDED_SURFACE()B_SPLINE_SURFACE(2,1,((#86,#87),(#88,#89),(#90,#91),(#92,#93),(#94,#95),(#96,#97),(#98,#99),(#100,#101),(#102,#103)),.SURF_OF_LINEAR_EXTRUSION.,.F.,.F.,.U.)B_SPLINE_SURFACE_WITH_KNOTS((3,2,2,2,3),(2,2),(0.,0.20823656321769,0.50008689664283,0.79193723006797,1.),(0.,1.),.UNSPECIFIED.)GEOMETRIC_REPRESENTATION_ITEM()RATIONAL_B_SPLINE_SURFACE(((1.,1.),(1.,1.),(1.,1.),(0.70710678118655,0.70710678118655),(1.,1.),(0.70710678118655,0.70710678118655),(1.,1.),(1.,1.),(1.,1.)))REPRESENTATION_ITEM('')SURFACE());
#105=CARTESIAN_POINT('',(-15.025206042401,-5.4993802726668,6.3078144958812E-16));
#106=VERTEX_POINT('',#105);
#107=CARTESIAN_POINT('',(-12.275206042401,-10.262519993481,7.2648183272458E-16));
#108=VERTEX_POINT('',#107);
#109=CARTESIAN_POINT('',(-15.025206042401,-5.4993802726668,0.));
#110=CARTESIAN_POINT('',(-14.695293549584,-5.3089052061298,0.));
#111=CARTESIAN_POINT('',(-14.365381056767,-5.1184301395928,0.));
#112=CARTESIAN_POINT('',(-11.983811196359,-3.7434301395928,0.));
#113=CARTESIAN_POINT('',(-10.608811196359,-6.125,0.));
#114=CARTESIAN_POINT('',(-9.2338111963594,-8.5065698604072,0.));
#115=CARTESIAN_POINT('',(-11.615381056767,-9.8815698604072,0.));
#116=CARTESIAN_POINT('',(-11.945293549584,-10.072044926944,0.));
#117=CARTESIAN_POINT('',(-12.275206042401,-10.262519993481,0.));
#118=(BOUNDED_CURVE()B_SPLINE_CURVE(2,(#109,#110,#111,#112,#113,#114,#115,#116,#117),.UNSPECIFIED.,.F.,.U.)B_SPLINE_CURVE_WITH_KNOTS((3,2,2,2,3),(0.15106097682479,0.20823656321769,0.50008689664283,0.79193723006797,0.84911281646087),.UNSPECIFIED.)CURVE()GEOMETRIC_REPRESENTATION_ITEM()RATIONAL_B_SPLINE_CURVE((1.,1.,1.,0.70710678118655,1.,0.70710678118655,1.,1.,1.))REPRESENTATION_ITEM(''));
#119=EDGE_CURVE('',#106,#108,#118,.T.);
#120=ORIENTED_EDGE('E2',*,*,#119,.T.);
#121=CARTESIAN_POINT('',(-12.275206032149,-10.262520005744,11.));
#122=VERTEX_POINT('',#121);
#123=CARTESIAN_POINT('',(-12.275206042401,-10.262519993481,0.));
#124=DIRECTION('',(0.,0.,1.));
#125=VECTOR('',#124,11.);
#126=LINE('',#123,#125);
#127=EDGE_CURVE('',#108,#122,#126,.T.);
#128=ORIENTED_EDGE('E33',*,*,#127,.T.);
#129=CARTESIAN_POINT('',(-15.025206042401,-5.4993802726669,11.));
#130=VERTEX_POINT('',#129);
#131=CARTESIAN_POINT('',(-12.275206042401,-10.262519993481,11.));
#132=CARTESIAN_POINT('',(-11.945293549584,-10.072044926944,11.));
#133=CARTESIAN_POINT('',(-11.615381056767,-9.8815698604072,11.));
#134=CARTESIAN_POINT('',(-9.2338111963594,-8.5065698604072,11.));
#135=CARTESIAN_POINT('',(-10.608811196359,-6.125,11.));
#136=CARTESIAN_POINT('',(-11.983811196359,-3.7434301395928,11.));
#137=CARTESIAN_POINT('',(-14.365381056767,-5.1184301395928,11.));
#138=CARTESIAN_POINT('',(-14.695293549584,-5.3089052061298,11.));
#139=CARTESIAN_POINT('',(-15.025206042401,-5.4993802726669,11.));
#140=(BOUNDED_CURVE()B_SPLINE_CURVE(2,(#131,#132,#133,#134,#135,#136,#137,#138,#139),.UNSPECIFIED.,.F.,.U.)B_SPLINE_CURVE_WITH_KNOTS((3,2,2,2,3),(0.15088718353913,0.20806276993203,0.49991310335717,0.79176343678231,0.84893902317521),.UNSPECIFIED.)CURVE()GEOMETRIC_REPRESENTATION_ITEM()RATIONAL_B_SPLINE_CURVE((1.,1.,1.,0.70710678118655,1.,0.70710678118655,1.,1.,1.))REPRESENTATION_ITEM(''));
#141=EDGE_CURVE('',#122,#130,#140,.T.);
#142=ORIENTED_EDGE('E36',*,*,#141,.T.);
#143=CARTESIAN_POINT('',(-15.025206042401,-5.4993802726668,11.));
#144=DIRECTION('',(0.,8.0743492700011E-17,-1.));
#145=VECTOR('',#144,11.);
#146=LINE('',#143,#145);
#147=EDGE_CURVE('',#130,#106,#146,.T.);
#148=ORIENTED_EDGE('E32',*,*,#147,.T.);
#149=EDGE_LOOP('',(#120,#128,#142,#148));
#150=FACE_OUTER_BOUND('',#149,.T.);
#151=ADVANCED_FACE('F11',(#150),#104,.T.);
#152=CARTESIAN_POINT('',(14.018499170667,-11.269010750362,0.));
#153=CARTESIAN_POINT('',(14.018499170667,-11.269010750362,12.));
#154=CARTESIAN_POINT('',(12.816940113717,-10.575290305385,0.));
#155=CARTESIAN_POINT('',(12.816940113717,-10.575290305385,12.));
#156=CARTESIAN_POINT('',(11.615381056767,-9.8815698604072,0.));
#157=CARTESIAN_POINT('',(11.615381056767,-9.8815698604072,12.));
#158=CARTESIAN_POINT('',(9.2338111963594,-8.5065698604072,0.));
#159=CARTESIAN_POINT('',(9.2338111963594,-8.5065698604072,12.));
#160=CARTESIAN_POINT('',(10.608811196359,-6.125,0.));
#161=CARTESIAN_POINT('',(10.608811196359,-6.125,12.));
#162=CARTESIAN_POINT('',(11.983811196359,-3.7434301395928,0.));
#163=CARTESIAN_POINT('',(11.983811196359,-3.7434301395928,12.));
#164=CARTESIAN_POINT('',(14.365381056767,-5.1184301395928,0.));
#165=CARTESIAN_POINT('',(14.365381056767,-5.1184301395928,12.));
#166=CARTESIAN_POINT('',(15.56593729801,-5.8115716086518,0.));
#167=CARTESIAN_POINT('',(15.56593729801,-5.8115716086518,12.));
#168=CARTESIAN_POINT('',(16.766493539253,-6.5047130777108,0.));
#169=CARTESIAN_POINT('',(16.766493539253,-6.5047130777108,12.));
#170=(BOUNDED_SURFACE()B_SPLINE_SURFACE(2,1,((#152,#153),(#154,#155),(#156,#157),(#158,#159),(#160,#161),(#162,#163),(#164,#165),(#166,#167),(#168,#169)),.SURF_OF_LINEAR_EXTRUSION.,.F.,.F.,.U.)B_SPLINE_SURFACE_WITH_KNOTS((3,2,2,2,3),(2,2),(0.,0.20823656321769,0.50008689664283,0.79193723006797,1.),(0.,1.),.UNSPECIFIED.)GEOMETRIC_REPRESENTATION_ITEM()RATIONAL_B_SPLINE_SURFACE(((1.,1.),(1.,1.),(1.,1.),(0.70710678118655,0.70710678118655),(1.,1.),(0.70710678118655,0.70710678118655),(1.,1.),(1.,1.),(1.,1.)))REPRESENTATION_ITEM('')SURFACE());
#171=CARTESIAN_POINT('',(12.275206042401,-10.262519993481,7.2605197790388E-16));
#172=VERTEX_POINT('',#171);
#173=CARTESIAN_POINT('',(15.025206042401,-5.4993802726669,6.099913273727E-16));
#174=VERTEX_POINT('',#173);
#175=CARTESIAN_POINT('',(12.275206042401,-10.262519993481,0.));
#176=CARTESIAN_POINT('',(11.945293549584,-10.072044926944,0.));
#177=CARTESIAN_POINT('',(11.615381056767,-9.8815698604072,0.));
#178=CARTESIAN_POINT('',(9.2338111963594,-8.5065698604072,0.));
#179=CARTESIAN_POINT('',(10.608811196359,-6.125,0.));
#180=CARTESIAN_POINT('',(11.983811196359,-3.7434301395928,0.));
#181=CARTESIAN_POINT('',(14.365381056767,-5.1184301395928,0.));
#182=CARTESIAN_POINT('',(14.695293549584,-5.3089052061298,0.));
#183=CARTESIAN_POINT('',(15.025206042401,-5.4993802726669,0.));
#184=(BOUNDED_CURVE()B_SPLINE_CURVE(2,(#175,#176,#177,#178,#179,#180,#181,#182,#183),.UNSPECIFIED.,.F.,.U.)B_SPLINE_CURVE_WITH_KNOTS((3,2,2,2,3),(0.15106097682479,0.20823656321769,0.50008689664283,0.79193723006797,0.84911281646087),.UNSPECIFIED.)CURVE()GEOMETRIC_REPRESENTATION_ITEM()RATIONAL_B_SPLINE_CURVE((1.,1.,1.,0.70710678118655,1.,0.70710678118655,1.,1.,1.))REPRESENTATION_ITEM(''));
#185=EDGE_CURVE('',#172,#174,#184,.T.);
#186=ORIENTED_EDGE('E3',*,*,#185,.T.);
#187=CARTESIAN_POINT('',(15.025206042401,-5.4993802726669,11.));
#188=VERTEX_POINT('',#187);
#189=CARTESIAN_POINT('',(15.025206042401,-5.4993802726669,0.));
#190=DIRECTION('',(0.,0.,1.));
#191=VECTOR('',#190,11.);
#192=LINE('',#189,#191);
#193=EDGE_CURVE('',#174,#188,#192,.T.);
#194=ORIENTED_EDGE('E35',*,*,#193,.T.);
#195=CARTESIAN_POINT('',(12.275206042401,-10.262519993481,11.));
#196=VERTEX_POINT('',#195);
#197=CARTESIAN_POINT('',(15.025206042401,-5.4993802726669,11.));
#198=CARTESIAN_POINT('',(14.695293549584,-5.3089052061298,11.));
#199=CARTESIAN_POINT('',(14.365381056767,-5.1184301395928,11.));
#200=CARTESIAN_POINT('',(11.983811196359,-3.7434301395928,11.));
#201=CARTESIAN_POINT('',(10.608811196359,-6.125,11.));
#202=CARTESIAN_POINT('',(9.2338111963594,-8.5065698604072,11.));
#203=CARTESIAN_POINT('',(11.615381056767,-9.8815698604072,11.));
#204=CARTESIAN_POINT('',(11.945293549584,-10.072044926944,11.));
#205=CARTESIAN_POINT('',(12.275206042401,-10.262519993481,11.));
#206=(BOUNDED_CURVE()B_SPLINE_CURVE(2,(#197,#198,#199,#200,#201,#202,#203,#204,#205),.UNSPECIFIED.,.F.,.U.)B_SPLINE_CURVE_WITH_KNOTS((3,2,2,2,3),(0.15088718353913,0.20806276993203,0.49991310335717,0.79176343678231,0.84893902317521),.UNSPECIFIED.)CURVE()GEOMETRIC_REPRESENTATION_ITEM()RATIONAL_B_SPLINE_CURVE((1.,1.,1.,0.70710678118655,1.,0.70710678118655,1.,1.,1.))REPRESENTATION_ITEM(''));
#207=EDGE_CURVE('',#188,#196,#206,.T.);
#208=ORIENTED_EDGE('E37',*,*,#207,.T.);
#209=CARTESIAN_POINT('',(12.275206042401,-10.262519993481,11.));
#210=DIRECTION('',(0.,0.,-1.));
#211=VECTOR('',#210,11.);
#212=LINE('',#209,#211);
#213=EDGE_CURVE('',#196,#172,#212,.T.);
#214=ORIENTED_EDGE('E34',*,*,#213,.T.);
#215=EDGE_LOOP('',(#186,#194,#208,#214));
#216=FACE_OUTER_BOUND('',#215,.T.);
#217=ADVANCED_FACE('F13',(#216),#170,.T.);
#218=CARTESIAN_POINT('',(-5.2549304608457,-5.6568542494924,6.));
#219=DIRECTION('',(-1.,1.5539092415221E-16,0.));
#220=DIRECTION('',(0.,0.,1.));
#221=AXIS2_PLACEMENT_3D('',#218,#220,#219);
#222=PLANE('',#221);
#223=CARTESIAN_POINT('',(-7.1568542494924,-5.6568542494924,6.));
#224=VERTEX_POINT('',#223);
#225=CARTESIAN_POINT('',(-5.6568542494924,-5.6568542494924,6.));
#226=DIRECTION('',(-1.,4.5581337751314E-16,-0.));
#227=DIRECTION('',(0.,0.,1.));
#228=AXIS2_PLACEMENT_3D('',#225,#227,#226);
#229=CIRCLE('',#228,1.5);
#230=EDGE_CURVE('',#224,#224,#229,.T.);
#231=ORIENTED_EDGE('E45',*,*,#230,.T.);
#232=EDGE_LOOP('',(#231));
#233=FACE_OUTER_BOUND('',#232,.F.);
#234=ADVANCED_FACE('F204',(#233),#222,.F.);
#235=CARTESIAN_POINT('',(5.6568542494924,-5.2549304608457,6.));
#236=DIRECTION('',(-1.5539092415221E-16,-1.,0.));
#237=DIRECTION('',(0.,0.,1.));
#238=AXIS2_PLACEMENT_3D('',#235,#237,#236);
#239=PLANE('',#238);
#240=CARTESIAN_POINT('',(5.6568542494924,-7.1568542494924,6.));
#241=VERTEX_POINT('',#240);
#242=CARTESIAN_POINT('',(5.6568542494924,-5.6568542494924,6.));
#243=DIRECTION('',(-0.,-1.,-0.));
#244=DIRECTION('',(0.,0.,1.));
#245=AXIS2_PLACEMENT_3D('',#242,#244,#243);
#246=CIRCLE('',#245,1.5);
#247=EDGE_CURVE('',#241,#241,#246,.T.);
#248=ORIENTED_EDGE('E48',*,*,#247,.T.);
#249=EDGE_LOOP('',(#248));
#250=FACE_OUTER_BOUND('',#249,.F.);
#251=ADVANCED_FACE('F205',(#250),#239,.F.);
#252=CARTESIAN_POINT('',(-5.6568542494924,5.2549304608457,6.));
#253=DIRECTION('',(7.7695462076104E-17,1.,0.));
#254=DIRECTION('',(0.,-0.,1.));
#255=AXIS2_PLACEMENT_3D('',#252,#254,#253);
#256=PLANE('',#255);
#257=CARTESIAN_POINT('',(-5.6568542494924,7.1568542494924,6.));
#258=VERTEX_POINT('',#257);
#259=CARTESIAN_POINT('',(-5.6568542494924,5.6568542494924,6.));
#260=DIRECTION('',(-0.,1.,-0.));
#261=DIRECTION('',(0.,0.,1.));
#262=AXIS2_PLACEMENT_3D('',#259,#261,#260);
#263=CIRCLE('',#262,1.5);
#264=EDGE_CURVE('',#258,#258,#263,.T.);
#265=ORIENTED_EDGE('E42',*,*,#264,.T.);
#266=EDGE_LOOP('',(#265));
#267=FACE_OUTER_BOUND('',#266,.F.);
#268=ADVANCED_FACE('F206',(#267),#256,.F.);
#269=CARTESIAN_POINT('',(5.2549304608457,5.6568542494924,6.));
#270=DIRECTION('',(1.,-2.3308638622831E-16,0.));
#271=DIRECTION('',(-0.,0.,1.));
#272=AXIS2_PLACEMENT_3D('',#269,#271,#270);
#273=PLANE('',#272);
#274=CARTESIAN_POINT('',(7.1568542494924,5.6568542494924,6.));
#275=VERTEX_POINT('',#274);
#276=CARTESIAN_POINT('',(5.6568542494924,5.6568542494924,6.));
#277=DIRECTION('',(1.,-4.5581337751314E-16,-0.));
#278=DIRECTION('',(0.,-0.,1.));
#279=AXIS2_PLACEMENT_3D('',#276,#278,#277);
#280=CIRCLE('',#279,1.5);
#281=EDGE_CURVE('',#275,#275,#280,.T.);
#282=ORIENTED_EDGE('E51',*,*,#281,.T.);
#283=EDGE_LOOP('',(#282));
#284=FACE_OUTER_BOUND('',#283,.F.);
#285=ADVANCED_FACE('F207',(#284),#273,.F.);
#286=CARTESIAN_POINT('',(-8.7468565782228,5.05,5.5));
#287=DIRECTION('',(0.5,0.86602540378444,0.));
#288=DIRECTION('',(0.86602540378444,-0.5,0.));
#289=AXIS2_PLACEMENT_3D('',#286,#288,#287);
#290=PLANE('',#289);
#291=CARTESIAN_POINT('',(-7.1468565782228,7.8212812921102,2.1));
#292=VERTEX_POINT('',#291);
#293=CARTESIAN_POINT('',(-7.1468565782228,7.8212812921102,11.));
#294=VERTEX_POINT('',#293);
#295=CARTESIAN_POINT('',(-7.1468565782228,7.8212812921102,2.1));
#296=DIRECTION('',(0.,0.,1.));
#297=VECTOR('',#296,8.9);
#298=LINE('',#295,#297);
#299=EDGE_CURVE('',#292,#294,#298,.T.);
#300=ORIENTED_EDGE('E92',*,*,#299,.T.);
#301=CARTESIAN_POINT('',(-10.346856578223,2.2787187078898,11.));
#302=VERTEX_POINT('',#301);
#303=CARTESIAN_POINT('',(-10.346856578223,2.2787187078898,11.));
#304=DIRECTION('',(0.5,0.86602540378444,0.));
#305=VECTOR('',#304,6.4);
#306=LINE('',#303,#305);
#307=EDGE_CURVE('',#302,#294,#306,.T.);
#308=ORIENTED_EDGE('E126',*,*,#307,.F.);
#309=CARTESIAN_POINT('',(-10.346856578223,2.2787187078898,2.1));
#310=VERTEX_POINT('',#309);
#311=CARTESIAN_POINT('',(-10.346856578223,2.2787187078898,2.1));
#312=DIRECTION('',(0.,9.9795328056194E-17,1.));
#313=VECTOR('',#312,8.9);
#314=LINE('',#311,#313);
#315=EDGE_CURVE('',#310,#302,#314,.T.);
#316=ORIENTED_EDGE('E90',*,*,#315,.F.);
#317=CARTESIAN_POINT('',(-7.1468565782228,7.8212812921102,2.1));
#318=DIRECTION('',(-0.5,-0.86602540378444,0.));
#319=VECTOR('',#318,6.4);
#320=LINE('',#317,#319);
#321=EDGE_CURVE('',#292,#310,#320,.T.);
#322=ORIENTED_EDGE('E119',*,*,#321,.F.);
#323=EDGE_LOOP('',(#300,#308,#316,#322));
#324=FACE_OUTER_BOUND('',#323,.F.);
#325=CARTESIAN_POINT('',(-9.4968565782228,3.7509618943233,8.5));
#326=VERTEX_POINT('',#325);
#327=CARTESIAN_POINT('',(-8.7468565782228,5.05,8.5));
#328=DIRECTION('',(-0.5,-0.86602540378444,-1.5325166031164E-16));
#329=DIRECTION('',(-0.86602540378444,0.5,5.7194298262731E-16));
#330=AXIS2_PLACEMENT_3D('',#327,#329,#328);
#331=CIRCLE('',#330,1.5);
#332=EDGE_CURVE('',#326,#326,#331,.T.);
#333=ORIENTED_EDGE('E221',*,*,#332,.T.);
#334=EDGE_LOOP('',(#333));
#335=FACE_BOUND('',#334,.F.);
#336=ADVANCED_FACE('F225',(#324,#335),#290,.F.);
#337=CARTESIAN_POINT('',(0.,-10.1,5.5));
#338=DIRECTION('',(-1.,0.,0.));
#339=DIRECTION('',(0.,1.,-0.));
#340=AXIS2_PLACEMENT_3D('',#337,#339,#338);
#341=PLANE('',#340);
#342=CARTESIAN_POINT('',(-3.2,-10.1,2.1));
#343=VERTEX_POINT('',#342);
#344=CARTESIAN_POINT('',(-3.2,-10.1,11.));
#345=VERTEX_POINT('',#344);
#346=CARTESIAN_POINT('',(-3.2,-10.1,2.1));
#347=DIRECTION('',(0.,0.,1.));
#348=VECTOR('',#347,8.9);
#349=LINE('',#346,#348);
#350=EDGE_CURVE('',#343,#345,#349,.T.);
#351=ORIENTED_EDGE('E68',*,*,#350,.T.);
#352=CARTESIAN_POINT('',(3.2,-10.1,11.));
#353=VERTEX_POINT('',#352);
#354=CARTESIAN_POINT('',(3.2,-10.1,11.));
#355=DIRECTION('',(-1.,0.,0.));
#356=VECTOR('',#355,6.4);
#357=LINE('',#354,#356);
#358=EDGE_CURVE('',#353,#345,#357,.T.);
#359=ORIENTED_EDGE('E138',*,*,#358,.F.);
#360=CARTESIAN_POINT('',(3.2,-10.1,2.1));
#361=VERTEX_POINT('',#360);
#362=CARTESIAN_POINT('',(3.2,-10.1,2.1));
#363=DIRECTION('',(-4.9897664028097E-17,0.,1.));
#364=VECTOR('',#363,8.9);
#365=LINE('',#362,#364);
#366=EDGE_CURVE('',#361,#353,#365,.T.);
#367=ORIENTED_EDGE('E67',*,*,#366,.F.);
#368=CARTESIAN_POINT('',(-3.2,-10.1,2.1));
#369=DIRECTION('',(1.,0.,0.));
#370=VECTOR('',#369,6.4);
#371=LINE('',#368,#370);
#372=EDGE_CURVE('',#343,#361,#371,.T.);
#373=ORIENTED_EDGE('E131',*,*,#372,.F.);
#374=EDGE_LOOP('',(#351,#359,#367,#373));
#375=FACE_OUTER_BOUND('',#374,.F.);
#376=CARTESIAN_POINT('',(1.5,-10.1,8.5));
#377=VERTEX_POINT('',#376);
#378=CARTESIAN_POINT('',(8.8817841970013E-16,-10.1,8.5));
#379=DIRECTION('',(1.,-0.,-5.2336415289459E-17));
#380=DIRECTION('',(0.,-1.,0.));
#381=AXIS2_PLACEMENT_3D('',#378,#380,#379);
#382=CIRCLE('',#381,1.5);
#383=EDGE_CURVE('',#377,#377,#382,.T.);
#384=ORIENTED_EDGE('E222',*,*,#383,.T.);
#385=EDGE_LOOP('',(#384));
#386=FACE_BOUND('',#385,.F.);
#387=ADVANCED_FACE('F228',(#375,#386),#341,.F.);
#388=CARTESIAN_POINT('',(8.7468565782228,5.05,5.5));
#389=DIRECTION('',(0.5,-0.86602540378444,0.));
#390=DIRECTION('',(-0.86602540378444,-0.5,0.));
#391=AXIS2_PLACEMENT_3D('',#388,#390,#389);
#392=PLANE('',#391);
#393=CARTESIAN_POINT('',(10.346856578223,2.2787187078898,2.1));
#394=VERTEX_POINT('',#393);
#395=CARTESIAN_POINT('',(10.346856578223,2.2787187078898,11.));
#396=VERTEX_POINT('',#395);
#397=CARTESIAN_POINT('',(10.346856578223,2.2787187078898,2.1));
#398=DIRECTION('',(0.,0.,1.));
#399=VECTOR('',#398,8.9);
#400=LINE('',#397,#399);
#401=EDGE_CURVE('',#394,#396,#400,.T.);
#402=ORIENTED_EDGE('E80',*,*,#401,.T.);
#403=CARTESIAN_POINT('',(7.1468565782228,7.8212812921102,11.));
#404=VERTEX_POINT('',#403);
#405=CARTESIAN_POINT('',(7.1468565782228,7.8212812921102,11.));
#406=DIRECTION('',(0.5,-0.86602540378444,0.));
#407=VECTOR('',#406,6.4);
#408=LINE('',#405,#407);
#409=EDGE_CURVE('',#404,#396,#408,.T.);
#410=ORIENTED_EDGE('E105',*,*,#409,.F.);
#411=CARTESIAN_POINT('',(7.1468565782228,7.8212812921102,2.1));
#412=VERTEX_POINT('',#411);
#413=CARTESIAN_POINT('',(7.1468565782228,7.8212812921102,2.1));
#414=DIRECTION('',(9.9795328056194E-17,0.,1.));
#415=VECTOR('',#414,8.9);
#416=LINE('',#413,#415);
#417=EDGE_CURVE('',#412,#404,#416,.T.);
#418=ORIENTED_EDGE('E78',*,*,#417,.F.);
#419=CARTESIAN_POINT('',(10.346856578223,2.2787187078898,2.1));
#420=DIRECTION('',(-0.5,0.86602540378444,0.));
#421=VECTOR('',#420,6.4);
#422=LINE('',#419,#421);
#423=EDGE_CURVE('',#394,#412,#422,.T.);
#424=ORIENTED_EDGE('E104',*,*,#423,.F.);
#425=EDGE_LOOP('',(#402,#410,#418,#424));
#426=FACE_OUTER_BOUND('',#425,.F.);
#427=CARTESIAN_POINT('',(7.9968565782228,6.3490381056767,8.5));
#428=VERTEX_POINT('',#427);
#429=CARTESIAN_POINT('',(8.7468565782228,5.05,8.5));
#430=DIRECTION('',(-0.5,0.86602540378444,2.3739266158094E-16));
#431=DIRECTION('',(0.86602540378444,0.5,-8.2986747351786E-16));
#432=AXIS2_PLACEMENT_3D('',#429,#431,#430);
#433=CIRCLE('',#432,1.5);
#434=EDGE_CURVE('',#428,#428,#433,.T.);
#435=ORIENTED_EDGE('E223',*,*,#434,.T.);
#436=EDGE_LOOP('',(#435));
#437=FACE_BOUND('',#436,.F.);
#438=ADVANCED_FACE('F231',(#426,#437),#392,.F.);
#439=CARTESIAN_POINT('',(-9.6128819820073,5.55,8.5));
#440=DIRECTION('',(-0.5,-0.86602540378444,0.));
#441=DIRECTION('',(0.86602540378444,-0.5,0.));
#442=AXIS2_PLACEMENT_3D('',#439,#441,#440);
#443=CYLINDRICAL_SURFACE('',#442,1.5);
#444=CARTESIAN_POINT('',(-6.8987803668695,2.2509618943233,8.5));
#445=VERTEX_POINT('',#444);
#446=CARTESIAN_POINT('',(-6.1487803668695,3.55,8.5));
#447=DIRECTION('',(-0.5,-0.86602540378444,-2.5844039535756E-16));
#448=DIRECTION('',(0.86602540378444,-0.5,9.0344527300062E-16));
#449=AXIS2_PLACEMENT_3D('',#446,#448,#447);
#450=CIRCLE('',#449,1.5);
#451=EDGE_CURVE('',#445,#445,#450,.T.);
#452=ORIENTED_EDGE('E220',*,*,#451,.F.);
#453=CARTESIAN_POINT('',(-9.4968565782228,3.7509618943233,8.5));
#454=DIRECTION('',(0.86602540378444,-0.5,0.));
#455=VECTOR('',#454,3.);
#456=LINE('',#453,#455);
#457=EDGE_CURVE('',#326,#445,#456,.T.);
#458=ORIENTED_EDGE('E219',*,*,#457,.F.);
#459=ORIENTED_EDGE('E219',*,*,#332,.F.);
#460=ORIENTED_EDGE('E219',*,*,#457,.T.);
#461=EDGE_LOOP('',(#452,#458,#459,#460));
#462=FACE_OUTER_BOUND('',#461,.F.);
#463=ADVANCED_FACE('F301',(#462),#443,.F.);
#464=CARTESIAN_POINT('',(-3.3306690738755E-16,-11.1,8.5));
#465=DIRECTION('',(1.,1.1842378929335E-15,0.));
#466=DIRECTION('',(-2.7755575615629E-17,1.,0.));
#467=AXIS2_PLACEMENT_3D('',#464,#466,#465);
#468=CYLINDRICAL_SURFACE('',#467,1.5);
#469=CARTESIAN_POINT('',(1.5,-7.1,8.5));
#470=VERTEX_POINT('',#469);
#471=CARTESIAN_POINT('',(2.2204460492503E-16,-7.1,8.5));
#472=DIRECTION('',(1.,3.5088530160993E-16,0.));
#473=DIRECTION('',(-3.5088530160993E-16,1.,0.));
#474=AXIS2_PLACEMENT_3D('',#471,#473,#472);
#475=CIRCLE('',#474,1.5);
#476=EDGE_CURVE('',#470,#470,#475,.T.);
#477=ORIENTED_EDGE('E213',*,*,#476,.F.);
#478=CARTESIAN_POINT('',(1.5,-10.1,8.5));
#479=DIRECTION('',(0.,1.,0.));
#480=VECTOR('',#479,3.);
#481=LINE('',#478,#480);
#482=EDGE_CURVE('',#377,#470,#481,.T.);
#483=ORIENTED_EDGE('E214',*,*,#482,.F.);
#484=ORIENTED_EDGE('E214',*,*,#383,.F.);
#485=ORIENTED_EDGE('E214',*,*,#482,.T.);
#486=EDGE_LOOP('',(#477,#483,#484,#485));
#487=FACE_OUTER_BOUND('',#486,.F.);
#488=ADVANCED_FACE('F302',(#487),#468,.F.);
#489=CARTESIAN_POINT('',(9.6128819820073,5.55,8.5));
#490=DIRECTION('',(-0.5,0.86602540378444,0.));
#491=DIRECTION('',(-0.86602540378444,-0.5,0.));
#492=AXIS2_PLACEMENT_3D('',#489,#491,#490);
#493=CYLINDRICAL_SURFACE('',#492,1.5);
#494=CARTESIAN_POINT('',(5.3987803668695,4.8490381056767,8.5));
#495=VERTEX_POINT('',#494);
#496=CARTESIAN_POINT('',(6.1487803668695,3.55,8.5));
#497=DIRECTION('',(-0.5,0.86602540378444,-3.9474596431117E-16));
#498=DIRECTION('',(-0.86602540378444,-0.5,2.2790668875657E-16));
#499=AXIS2_PLACEMENT_3D('',#496,#498,#497);
#500=CIRCLE('',#499,1.5);
#501=EDGE_CURVE('',#495,#495,#500,.T.);
#502=ORIENTED_EDGE('E217',*,*,#501,.F.);
#503=CARTESIAN_POINT('',(7.9968565782228,6.3490381056767,8.5));
#504=DIRECTION('',(-0.86602540378444,-0.5,0.));
#505=VECTOR('',#504,3.);
#506=LINE('',#503,#505);
#507=EDGE_CURVE('',#428,#495,#506,.T.);
#508=ORIENTED_EDGE('E216',*,*,#507,.F.);
#509=ORIENTED_EDGE('E216',*,*,#434,.F.);
#510=ORIENTED_EDGE('E216',*,*,#507,.T.);
#511=EDGE_LOOP('',(#502,#508,#509,#510));
#512=FACE_OUTER_BOUND('',#511,.F.);
#513=ADVANCED_FACE('F303',(#512),#493,.F.);
#514=CARTESIAN_POINT('',(-6.1487803668695,3.55,8.5));
#515=DIRECTION('',(-0.5,-0.86602540378444,0.));
#516=DIRECTION('',(0.86602540378444,-0.5,0.));
#517=AXIS2_PLACEMENT_3D('',#514,#516,#515);
#518=PLANE('',#517);
#519=ORIENTED_EDGE('',*,*,#451,.T.);
#520=EDGE_LOOP('',(#519));
#521=FACE_OUTER_BOUND('',#520,.F.);
#522=ADVANCED_FACE('F304',(#521),#518,.F.);
#523=CARTESIAN_POINT('',(0.,-7.1,8.5));
#524=DIRECTION('',(1.,0.,0.));
#525=DIRECTION('',(-0.,1.,0.));
#526=AXIS2_PLACEMENT_3D('',#523,#525,#524);
#527=PLANE('',#526);
#528=ORIENTED_EDGE('',*,*,#476,.T.);
#529=EDGE_LOOP('',(#528));
#530=FACE_OUTER_BOUND('',#529,.F.);
#531=ADVANCED_FACE('F305',(#530),#527,.F.);
#532=CARTESIAN_POINT('',(6.1487803668695,3.55,8.5));
#533=DIRECTION('',(-0.5,0.86602540378444,0.));
#534=DIRECTION('',(-0.86602540378444,-0.5,-0.));
#535=AXIS2_PLACEMENT_3D('',#532,#534,#533);
#536=PLANE('',#535);
#537=ORIENTED_EDGE('',*,*,#501,.T.);
#538=EDGE_LOOP('',(#537));
#539=FACE_OUTER_BOUND('',#538,.F.);
#540=ADVANCED_FACE('F306',(#539),#536,.F.);
#541=CARTESIAN_POINT('',(8.8817841970013E-16,-1.7763568394003E-15,-5.));
#542=DIRECTION('',(1.,2.3050167125279E-16,-1.758769147921E-16));
#543=DIRECTION('',(0.,6.1232339957368E-17,1.));
#544=AXIS2_PLACEMENT_3D('',#541,#543,#542);
#545=CYLINDRICAL_SURFACE('',#544,5.05);
#546=CARTESIAN_POINT('',(5.05,3.6739403974421E-16,11.));
#547=VERTEX_POINT('',#546);
#548=CARTESIAN_POINT('',(1.7763568394003E-15,9.9543102321772E-16,11.));
#549=DIRECTION('',(1.,-1.2436375910367E-16,-3.73091277311E-16));
#550=DIRECTION('',(3.73091277311E-16,3.73091277311E-16,1.));
#551=AXIS2_PLACEMENT_3D('',#548,#550,#549);
#552=CIRCLE('',#551,5.05);
#553=EDGE_CURVE('',#547,#547,#552,.T.);
#554=ORIENTED_EDGE('E41',*,*,#553,.F.);
#555=CARTESIAN_POINT('',(5.05,-1.6532731788489E-16,2.3));
#556=VERTEX_POINT('',#555);
#557=CARTESIAN_POINT('',(5.05,-1.6532731788489E-16,2.3));
#558=DIRECTION('',(-1.0208947352875E-16,6.1232339957368E-17,1.));
#559=VECTOR('',#558,8.7);
#560=LINE('',#557,#559);
#561=EDGE_CURVE('',#556,#547,#560,.T.);
#562=ORIENTED_EDGE('E19',*,*,#561,.F.);
#563=CARTESIAN_POINT('',(-1.7763568394003E-15,-2.6774752517789E-15,2.3));
#564=DIRECTION('',(1.,4.9745503641466E-16,-6.751624148353E-17));
#565=DIRECTION('',(-6.751624148353E-17,1.5545469887958E-16,-1.));
#566=AXIS2_PLACEMENT_3D('',#563,#565,#564);
#567=CIRCLE('',#566,5.05);
#568=EDGE_CURVE('',#556,#556,#567,.T.);
#569=ORIENTED_EDGE('E225',*,*,#568,.F.);
#570=ORIENTED_EDGE('E225',*,*,#561,.T.);
#571=EDGE_LOOP('',(#554,#562,#569,#570));
#572=FACE_OUTER_BOUND('',#571,.F.);
#573=ADVANCED_FACE('F15',(#572),#545,.F.);
#574=CARTESIAN_POINT('',(-5.6568542494924,-5.6568542494924,6.));
#575=DIRECTION('',(-1.,5.9211894646675E-16,-5.9211894646675E-16));
#576=DIRECTION('',(0.,0.,-1.));
#577=AXIS2_PLACEMENT_3D('',#574,#576,#575);
#578=CYLINDRICAL_SURFACE('',#577,1.5);
#579=ORIENTED_EDGE('',*,*,#230,.T.);
#580=CARTESIAN_POINT('',(-7.1568542494924,-5.6568542494924,2.3));
#581=VERTEX_POINT('',#580);
#582=CARTESIAN_POINT('',(-7.1568542494924,-5.6568542494924,6.));
#583=DIRECTION('',(0.,0.,-1.));
#584=VECTOR('',#583,3.7);
#585=LINE('',#582,#584);
#586=EDGE_CURVE('',#224,#581,#585,.T.);
#587=ORIENTED_EDGE('E46',*,*,#586,.T.);
#588=CARTESIAN_POINT('',(-5.6568542494924,-5.6568542494924,2.3));
#589=DIRECTION('',(-1.,1.256073966947E-15,-8.6713812075539E-17));
#590=DIRECTION('',(-8.6713812075538E-17,2.0934566115784E-16,1.));
#591=AXIS2_PLACEMENT_3D('',#588,#590,#589);
#592=CIRCLE('',#591,1.5);
#593=EDGE_CURVE('',#581,#581,#592,.T.);
#594=ORIENTED_EDGE('E240',*,*,#593,.F.);
#595=ORIENTED_EDGE('E240',*,*,#586,.F.);
#596=EDGE_LOOP('',(#579,#587,#594,#595));
#597=FACE_OUTER_BOUND('',#596,.T.);
#598=ADVANCED_FACE('F182',(#597),#578,.F.);
#599=CARTESIAN_POINT('',(5.6568542494924,-5.6568542494924,6.));
#600=DIRECTION('',(0.,-1.,-5.9211894646675E-16));
#601=DIRECTION('',(0.,0.,-1.));
#602=AXIS2_PLACEMENT_3D('',#599,#601,#600);
#603=CYLINDRICAL_SURFACE('',#602,1.5);
#604=ORIENTED_EDGE('',*,*,#247,.T.);
#605=CARTESIAN_POINT('',(5.6568542494924,-7.1568542494924,2.3));
#606=VERTEX_POINT('',#605);
#607=CARTESIAN_POINT('',(5.6568542494924,-7.1568542494924,6.));
#608=DIRECTION('',(0.,0.,-1.));
#609=VECTOR('',#608,3.7);
#610=LINE('',#607,#609);
#611=EDGE_CURVE('',#241,#606,#610,.T.);
#612=ORIENTED_EDGE('E49',*,*,#611,.T.);
#613=CARTESIAN_POINT('',(5.6568542494924,-5.6568542494924,2.3));
#614=DIRECTION('',(-8.3738264463135E-16,-1.,-8.6713812075539E-17));
#615=DIRECTION('',(-2.0934566115784E-16,-8.6713812075539E-17,1.));
#616=AXIS2_PLACEMENT_3D('',#613,#615,#614);
#617=CIRCLE('',#616,1.5);
#618=EDGE_CURVE('',#606,#606,#617,.T.);
#619=ORIENTED_EDGE('E237',*,*,#618,.F.);
#620=ORIENTED_EDGE('E237',*,*,#611,.F.);
#621=EDGE_LOOP('',(#604,#612,#619,#620));
#622=FACE_OUTER_BOUND('',#621,.T.);
#623=ADVANCED_FACE('F183',(#622),#603,.F.);
#624=CARTESIAN_POINT('',(-5.6568542494924,5.6568542494924,6.));
#625=DIRECTION('',(0.,1.,-5.9211894646675E-16));
#626=DIRECTION('',(0.,0.,-1.));
#627=AXIS2_PLACEMENT_3D('',#624,#626,#625);
#628=CYLINDRICAL_SURFACE('',#627,1.5);
#629=ORIENTED_EDGE('',*,*,#264,.T.);
#630=CARTESIAN_POINT('',(-5.6568542494924,7.1568542494924,2.3));
#631=VERTEX_POINT('',#630);
#632=CARTESIAN_POINT('',(-5.6568542494924,7.1568542494924,6.));
#633=DIRECTION('',(0.,0.,-1.));
#634=VECTOR('',#633,3.7);
#635=LINE('',#632,#634);
#636=EDGE_CURVE('',#258,#631,#635,.T.);
#637=ORIENTED_EDGE('E44',*,*,#636,.T.);
#638=CARTESIAN_POINT('',(-5.6568542494924,5.6568542494924,2.3));
#639=DIRECTION('',(1.256073966947E-15,1.,-8.6713812075539E-17));
#640=DIRECTION('',(2.0934566115784E-16,8.6713812075538E-17,1.));
#641=AXIS2_PLACEMENT_3D('',#638,#640,#639);
#642=CIRCLE('',#641,1.5);
#643=EDGE_CURVE('',#631,#631,#642,.T.);
#644=ORIENTED_EDGE('E234',*,*,#643,.F.);
#645=ORIENTED_EDGE('E234',*,*,#636,.F.);
#646=EDGE_LOOP('',(#629,#637,#644,#645));
#647=FACE_OUTER_BOUND('',#646,.T.);
#648=ADVANCED_FACE('F184',(#647),#628,.F.);
#649=CARTESIAN_POINT('',(5.6568542494924,5.6568542494924,6.));
#650=DIRECTION('',(1.,-5.9211894646675E-16,-5.9211894646675E-16));
#651=DIRECTION('',(0.,0.,-1.));
#652=AXIS2_PLACEMENT_3D('',#649,#651,#650);
#653=CYLINDRICAL_SURFACE('',#652,1.5);
#654=ORIENTED_EDGE('',*,*,#281,.T.);
#655=CARTESIAN_POINT('',(7.1568542494924,5.6568542494924,2.3));
#656=VERTEX_POINT('',#655);
#657=CARTESIAN_POINT('',(7.1568542494924,5.6568542494924,6.));
#658=DIRECTION('',(0.,0.,-1.));
#659=VECTOR('',#658,3.7);
#660=LINE('',#657,#659);
#661=EDGE_CURVE('',#275,#656,#660,.T.);
#662=ORIENTED_EDGE('E52',*,*,#661,.T.);
#663=CARTESIAN_POINT('',(5.6568542494924,5.6568542494924,2.3));
#664=DIRECTION('',(1.,-8.3738264463135E-16,-8.6713812075539E-17));
#665=DIRECTION('',(8.6713812075538E-17,-2.0934566115784E-16,1.));
#666=AXIS2_PLACEMENT_3D('',#663,#665,#664);
#667=CIRCLE('',#666,1.5);
#668=EDGE_CURVE('',#656,#656,#667,.T.);
#669=ORIENTED_EDGE('E231',*,*,#668,.F.);
#670=ORIENTED_EDGE('E231',*,*,#661,.F.);
#671=EDGE_LOOP('',(#654,#662,#669,#670));
#672=FACE_OUTER_BOUND('',#671,.T.);
#673=ADVANCED_FACE('F185',(#672),#653,.F.);
#674=CARTESIAN_POINT('',(1.7763568394003E-15,0.,-4.));
#675=DIRECTION('',(1.,-1.6825102420718E-17,8.0016073846858E-17));
#676=DIRECTION('',(0.,6.1232339957368E-17,1.));
#677=AXIS2_PLACEMENT_3D('',#674,#676,#675);
#678=CYLINDRICAL_SURFACE('',#677,11.1);
#679=CARTESIAN_POINT('',(-10.804754206387,2.5430860267717,2.1));
#680=VERTEX_POINT('',#679);
#681=CARTESIAN_POINT('',(-3.2,-10.628734637764,2.1));
#682=VERTEX_POINT('',#681);
#683=CARTESIAN_POINT('',(-3.5527136788005E-15,-3.5527136788005E-15,2.1));
#684=DIRECTION('',(-0.97340127985469,0.22910684925871,4.0008036923429E-17));
#685=DIRECTION('',(-1.8448150359137E-17,3.0413223668529E-17,1.));
#686=AXIS2_PLACEMENT_3D('',#683,#685,#684);
#687=CIRCLE('',#686,11.1);
#688=EDGE_CURVE('',#680,#682,#687,.T.);
#689=ORIENTED_EDGE('E94',*,*,#688,.F.);
#690=CARTESIAN_POINT('',(-10.804754205953,2.5430860286177,0.2));
#691=VERTEX_POINT('',#690);
#692=CARTESIAN_POINT('',(-10.804754206387,2.5430860267717,2.1));
#693=DIRECTION('',(9.3492465231592E-16,0.,-1.));
#694=VECTOR('',#693,1.9);
#695=LINE('',#692,#694);
#696=EDGE_CURVE('',#680,#691,#695,.T.);
#697=ORIENTED_EDGE('E116',*,*,#696,.T.);
#698=CARTESIAN_POINT('',(-3.1999999998331,-10.628734637814,0.2));
#699=VERTEX_POINT('',#698);
#700=CARTESIAN_POINT('',(6.2172489379009E-15,-5.3290705182008E-15,0.2));
#701=DIRECTION('',(-0.28828828825821,-0.95754366106886,-1.7753566384772E-16));
#702=DIRECTION('',(1.2035070434856E-16,1.5216890568809E-16,-1.));
#703=AXIS2_PLACEMENT_3D('',#700,#702,#701);
#704=CIRCLE('',#703,11.1);
#705=EDGE_CURVE('',#699,#691,#704,.T.);
#706=ORIENTED_EDGE('E244',*,*,#705,.F.);
#707=CARTESIAN_POINT('',(-3.2,-10.628734637764,0.2));
#708=DIRECTION('',(-2.3373116307898E-16,-9.3492465231592E-16,1.));
#709=VECTOR('',#708,1.9);
#710=LINE('',#707,#709);
#711=EDGE_CURVE('',#699,#682,#710,.T.);
#712=ORIENTED_EDGE('E129',*,*,#711,.T.);
#713=EDGE_LOOP('',(#689,#697,#706,#712));
#714=FACE_OUTER_BOUND('',#713,.F.);
#715=ADVANCED_FACE('F211',(#714),#678,.F.);
#716=CARTESIAN_POINT('',(3.4638958368305E-14,-4.7961634663807E-14,1.6367620630072E-15));
#717=DIRECTION('',(0.26038565246623,-0.96550469288851,2.8871687879772E-17));
#718=DIRECTION('',(0.,0.,1.));
#719=AXIS2_PLACEMENT_3D('',#716,#718,#717);
#720=CYLINDRICAL_SURFACE('',#719,11.1);
#721=CARTESIAN_POINT('',(3.2,-10.628734637764,2.1));
#722=VERTEX_POINT('',#721);
#723=CARTESIAN_POINT('',(3.1999999999967,-10.628734637765,0.2));
#724=VERTEX_POINT('',#723);
#725=CARTESIAN_POINT('',(3.2,-10.628734637764,2.1));
#726=DIRECTION('',(2.3373116307898E-16,0.,-1.));
#727=VECTOR('',#726,1.9);
#728=LINE('',#725,#727);
#729=EDGE_CURVE('',#722,#724,#728,.T.);
#730=ORIENTED_EDGE('E128',*,*,#729,.T.);
#731=CARTESIAN_POINT('',(10.804754206373,2.5430860268325,0.2));
#732=VERTEX_POINT('',#731);
#733=CARTESIAN_POINT('',(-5.3290705182008E-15,7.105427357601E-15,0.2));
#734=DIRECTION('',(0.2882882882877,-0.95754366105998,-2.5005023077143E-17));
#735=DIRECTION('',(1.3427809090014E-17,-2.1377806916101E-17,1.));
#736=AXIS2_PLACEMENT_3D('',#733,#735,#734);
#737=CIRCLE('',#736,11.1);
#738=EDGE_CURVE('',#724,#732,#737,.T.);
#739=ORIENTED_EDGE('E228',*,*,#738,.T.);
#740=CARTESIAN_POINT('',(10.804754206387,2.5430860267717,2.1));
#741=VERTEX_POINT('',#740);
#742=CARTESIAN_POINT('',(10.804754206387,2.5430860267717,0.2));
#743=DIRECTION('',(9.3492465231592E-16,2.3373116307898E-16,1.));
#744=VECTOR('',#743,1.9);
#745=LINE('',#742,#744);
#746=EDGE_CURVE('',#732,#741,#745,.T.);
#747=ORIENTED_EDGE('E106',*,*,#746,.T.);
#748=CARTESIAN_POINT('',(3.5527136788005E-15,6.2172489379009E-15,2.1));
#749=DIRECTION('',(0.97340127985469,0.22910684925871,0.));
#750=DIRECTION('',(-0.,0.,-1.));
#751=AXIS2_PLACEMENT_3D('',#748,#750,#749);
#752=CIRCLE('',#751,11.1);
#753=EDGE_CURVE('',#741,#722,#752,.T.);
#754=ORIENTED_EDGE('E22',*,*,#753,.T.);
#755=EDGE_LOOP('',(#730,#739,#747,#754));
#756=FACE_OUTER_BOUND('',#755,.F.);
#757=ADVANCED_FACE('F212',(#756),#720,.F.);
#758=CARTESIAN_POINT('',(7.6047542084304,8.0856486090703,2.1));
#759=VERTEX_POINT('',#758);
#760=CARTESIAN_POINT('',(-7.6047542042833,8.0856486129707,2.1));
#761=VERTEX_POINT('',#760);
#762=CARTESIAN_POINT('',(8.8817841970013E-16,1.7763568394003E-15,2.1));
#763=DIRECTION('',(0.68511299193457,0.72843681145481,0.));
#764=DIRECTION('',(0.,0.,1.));
#765=AXIS2_PLACEMENT_3D('',#762,#764,#763);
#766=CIRCLE('',#765,11.1);
#767=EDGE_CURVE('',#759,#761,#766,.T.);
#768=ORIENTED_EDGE('E98',*,*,#767,.F.);
#769=CARTESIAN_POINT('',(7.6047542344714,8.0856485845781,0.2));
#770=VERTEX_POINT('',#769);
#771=CARTESIAN_POINT('',(7.6047542063871,8.0856486109921,2.1));
#772=DIRECTION('',(0.,0.,-1.));
#773=VECTOR('',#772,1.9);
#774=LINE('',#771,#773);
#775=EDGE_CURVE('',#759,#770,#774,.T.);
#776=ORIENTED_EDGE('E107',*,*,#775,.T.);
#777=CARTESIAN_POINT('',(-7.6047542344714,8.0856485845781,0.2));
#778=VERTEX_POINT('',#777);
#779=CARTESIAN_POINT('',(-5.7536109718455E-16,-5.3290705182008E-15,0.2));
#780=DIRECTION('',(-0.6851129915664,0.72843681180109,0.));
#781=DIRECTION('',(-7.1294481859817E-19,1.0879746226283E-18,-1.));
#782=AXIS2_PLACEMENT_3D('',#779,#781,#780);
#783=CIRCLE('',#782,11.1);
#784=EDGE_CURVE('',#778,#770,#783,.T.);
#785=ORIENTED_EDGE('E242',*,*,#784,.F.);
#786=CARTESIAN_POINT('',(-7.604754206387,8.0856486109921,0.2));
#787=DIRECTION('',(0.,0.,1.));
#788=VECTOR('',#787,1.9);
#789=LINE('',#786,#788);
#790=EDGE_CURVE('',#778,#761,#789,.T.);
#791=ORIENTED_EDGE('E117',*,*,#790,.T.);
#792=EDGE_LOOP('',(#768,#776,#785,#791));
#793=FACE_OUTER_BOUND('',#792,.F.);
#794=ADVANCED_FACE('F213',(#793),#678,.F.);
#795=CARTESIAN_POINT('',(0.,0.,2.1));
#796=DIRECTION('',(1.,0.,0.));
#797=DIRECTION('',(0.,0.,1.));
#798=AXIS2_PLACEMENT_3D('',#795,#797,#796);
#799=PLANE('',#798);
#800=CARTESIAN_POINT('',(10.804754206387,2.5430860267717,2.1));
#801=DIRECTION('',(-0.86602540378444,-0.5,0.));
#802=VECTOR('',#801,0.52873463776377);
#803=LINE('',#800,#802);
#804=EDGE_CURVE('',#741,#394,#803,.T.);
#805=ORIENTED_EDGE('E108',*,*,#804,.T.);
#806=ORIENTED_EDGE('E108',*,*,#423,.T.);
#807=CARTESIAN_POINT('',(7.1468565782228,7.8212812921102,2.1));
#808=DIRECTION('',(0.86602540378444,0.5,0.));
#809=VECTOR('',#808,0.52873463776378);
#810=LINE('',#807,#809);
#811=EDGE_CURVE('',#412,#759,#810,.T.);
#812=ORIENTED_EDGE('E109',*,*,#811,.T.);
#813=ORIENTED_EDGE('E109',*,*,#767,.T.);
#814=CARTESIAN_POINT('',(-7.604754206387,8.0856486109921,2.1));
#815=DIRECTION('',(0.86602540378444,-0.5,0.));
#816=VECTOR('',#815,0.5287346377638);
#817=LINE('',#814,#816);
#818=EDGE_CURVE('',#761,#292,#817,.T.);
#819=ORIENTED_EDGE('E120',*,*,#818,.T.);
#820=ORIENTED_EDGE('E120',*,*,#321,.T.);
#821=CARTESIAN_POINT('',(-10.346856578223,2.2787187078898,2.1));
#822=DIRECTION('',(-0.86602540378444,0.5,0.));
#823=VECTOR('',#822,0.5287346377638);
#824=LINE('',#821,#823);
#825=EDGE_CURVE('',#310,#680,#824,.T.);
#826=ORIENTED_EDGE('E118',*,*,#825,.T.);
#827=ORIENTED_EDGE('E118',*,*,#688,.T.);
#828=CARTESIAN_POINT('',(-3.2,-10.628734637764,2.1));
#829=DIRECTION('',(0.,1.,0.));
#830=VECTOR('',#829,0.52873463776379);
#831=LINE('',#828,#830);
#832=EDGE_CURVE('',#682,#343,#831,.T.);
#833=ORIENTED_EDGE('E132',*,*,#832,.T.);
#834=ORIENTED_EDGE('E132',*,*,#372,.T.);
#835=CARTESIAN_POINT('',(3.2,-10.1,2.1));
#836=DIRECTION('',(0.,-1.,0.));
#837=VECTOR('',#836,0.52873463776379);
#838=LINE('',#835,#837);
#839=EDGE_CURVE('',#361,#722,#838,.T.);
#840=ORIENTED_EDGE('E130',*,*,#839,.T.);
#841=ORIENTED_EDGE('E130',*,*,#753,.F.);
#842=EDGE_LOOP('',(#805,#806,#812,#813,#819,#820,#826,#827,#833,#834,#840,#841));
#843=FACE_OUTER_BOUND('',#842,.F.);
#844=CARTESIAN_POINT('',(5.25,-1.1922698363434E-16,2.1));
#845=VERTEX_POINT('',#844);
#846=CARTESIAN_POINT('',(0.,-7.4726396710785E-16,2.1));
#847=DIRECTION('',(1.,1.1962609209019E-16,-5.4681897901273E-17));
#848=DIRECTION('',(-5.4681897901273E-17,-2.9906523022548E-17,-1.));
#849=AXIS2_PLACEMENT_3D('',#846,#848,#847);
#850=CIRCLE('',#849,5.25);
#851=EDGE_CURVE('',#845,#845,#850,.T.);
#852=ORIENTED_EDGE('E226',*,*,#851,.T.);
#853=EDGE_LOOP('',(#852));
#854=FACE_BOUND('',#853,.F.);
#855=CARTESIAN_POINT('',(7.3568542494924,5.6568542494924,2.1));
#856=VERTEX_POINT('',#855);
#857=CARTESIAN_POINT('',(5.6568542494924,5.6568542494924,2.1));
#858=DIRECTION('',(1.,-7.388670393806E-16,-9.2358379922575E-17));
#859=DIRECTION('',(9.2358379922575E-17,9.2358379922575E-17,1.));
#860=AXIS2_PLACEMENT_3D('',#857,#859,#858);
#861=CIRCLE('',#860,1.7);
#862=EDGE_CURVE('',#856,#856,#861,.T.);
#863=ORIENTED_EDGE('E230',*,*,#862,.F.);
#864=EDGE_LOOP('',(#863));
#865=FACE_BOUND('',#864,.F.);
#866=CARTESIAN_POINT('',(-5.6568542494924,7.3568542494924,2.1));
#867=VERTEX_POINT('',#866);
#868=CARTESIAN_POINT('',(-5.6568542494924,5.6568542494924,2.1));
#869=DIRECTION('',(3.694335196903E-16,1.,-9.2358379922575E-17));
#870=DIRECTION('',(-9.2358379922575E-17,9.2358379922575E-17,1.));
#871=AXIS2_PLACEMENT_3D('',#868,#870,#869);
#872=CIRCLE('',#871,1.7);
#873=EDGE_CURVE('',#867,#867,#872,.T.);
#874=ORIENTED_EDGE('E233',*,*,#873,.F.);
#875=EDGE_LOOP('',(#874));
#876=FACE_BOUND('',#875,.F.);
#877=CARTESIAN_POINT('',(5.6568542494924,-7.3568542494924,2.1));
#878=VERTEX_POINT('',#877);
#879=CARTESIAN_POINT('',(5.6568542494924,-5.6568542494924,2.1));
#880=DIRECTION('',(-8.5300703419227E-33,-1.,-9.2358379922575E-17));
#881=DIRECTION('',(9.2358379922575E-17,-9.2358379922575E-17,1.));
#882=AXIS2_PLACEMENT_3D('',#879,#881,#880);
#883=CIRCLE('',#882,1.7);
#884=EDGE_CURVE('',#878,#878,#883,.T.);
#885=ORIENTED_EDGE('E236',*,*,#884,.F.);
#886=EDGE_LOOP('',(#885));
#887=FACE_BOUND('',#886,.F.);
#888=CARTESIAN_POINT('',(-7.3568542494924,-5.6568542494924,2.1));
#889=VERTEX_POINT('',#888);
#890=CARTESIAN_POINT('',(-5.6568542494924,-5.6568542494924,2.1));
#891=DIRECTION('',(-1.,7.388670393806E-16,-9.2358379922575E-17));
#892=DIRECTION('',(-9.2358379922575E-17,-9.2358379922575E-17,1.));
#893=AXIS2_PLACEMENT_3D('',#890,#892,#891);
#894=CIRCLE('',#893,1.7);
#895=EDGE_CURVE('',#889,#889,#894,.T.);
#896=ORIENTED_EDGE('E239',*,*,#895,.F.);
#897=EDGE_LOOP('',(#896));
#898=FACE_BOUND('',#897,.F.);
#899=ADVANCED_FACE('F17',(#843,#854,#865,#876,#887,#898),#799,.F.);
#900=CARTESIAN_POINT('',(0.,-1.7763568394003E-15,-1.));
#901=DIRECTION('',(1.,8.8060174978503E-17,5.5511151231258E-17));
#902=DIRECTION('',(0.,6.1232339957368E-17,1.));
#903=AXIS2_PLACEMENT_3D('',#900,#902,#901);
#904=CYLINDRICAL_SURFACE('',#903,16.);
#905=CARTESIAN_POINT('',(-15.666131730192,-3.2515098973054,11.));
#906=VERTEX_POINT('',#905);
#907=CARTESIAN_POINT('',(0.,-3.4186003313486E-15,11.));
#908=DIRECTION('',(-0.97913323313435,-0.20321936859434,1.1102230246252E-16));
#909=DIRECTION('',(9.8686491077792E-17,-5.8757193195053E-17,1.));
#910=AXIS2_PLACEMENT_3D('',#907,#909,#908);
#911=CIRCLE('',#910,16.);
#912=EDGE_CURVE('',#906,#130,#911,.T.);
#913=ORIENTED_EDGE('E97',*,*,#912,.F.);
#914=CARTESIAN_POINT('',(-15.666131730192,-3.2515098973054,1.2213035296101E-15));
#915=VERTEX_POINT('',#914);
#916=CARTESIAN_POINT('',(-15.666131730192,-3.2515098973054,1.3322676295502E-15));
#917=DIRECTION('',(0.,0.,1.));
#918=VECTOR('',#917,11.);
#919=LINE('',#916,#918);
#920=EDGE_CURVE('',#915,#906,#919,.T.);
#921=ORIENTED_EDGE('E246',*,*,#920,.F.);
#922=CARTESIAN_POINT('',(5.3290705182008E-15,4.4408920985006E-16,5.1239276034895E-16));
#923=DIRECTION('',(-0.93907537765006,-0.34371126704168,4.6823133676706E-17));
#924=DIRECTION('',(-2.3486603709448E-17,-7.2058861036799E-17,-1.));
#925=AXIS2_PLACEMENT_3D('',#922,#924,#923);
#926=CIRCLE('',#925,16.);
#927=EDGE_CURVE('',#106,#915,#926,.T.);
#928=ORIENTED_EDGE('E40',*,*,#927,.F.);
#929=ORIENTED_EDGE('E40',*,*,#147,.F.);
#930=EDGE_LOOP('',(#913,#921,#928,#929));
#931=FACE_OUTER_BOUND('',#930,.T.);
#932=ADVANCED_FACE('F217',(#931),#904,.T.);
#933=CARTESIAN_POINT('',(0.,-1.7763568394003E-15,-1.));
#934=DIRECTION('',(1.,8.8060174978503E-17,5.5511151231258E-17));
#935=DIRECTION('',(0.,6.1232339957368E-17,1.));
#936=AXIS2_PLACEMENT_3D('',#933,#935,#934);
#937=CYLINDRICAL_SURFACE('',#936,16.);
#938=ORIENTED_EDGE('',*,*,#61,.F.);
#939=CARTESIAN_POINT('',(-5.0171756933729,15.193023006032,9.0495365611813E-16));
#940=VERTEX_POINT('',#939);
#941=CARTESIAN_POINT('',(5.3290705182008E-15,-5.3290705182008E-15,1.3132192138994E-15));
#942=DIRECTION('',(-0.31357348083581,0.94956393787702,-7.9677772166367E-17));
#943=DIRECTION('',(2.6565049637454E-17,-7.5137306964805E-17,-1.));
#944=AXIS2_PLACEMENT_3D('',#941,#943,#942);
#945=CIRCLE('',#944,16.);
#946=EDGE_CURVE('',#940,#42,#945,.T.);
#947=ORIENTED_EDGE('E96',*,*,#946,.F.);
#948=CARTESIAN_POINT('',(-5.0171756933729,15.193023006032,11.));
#949=VERTEX_POINT('',#948);
#950=CARTESIAN_POINT('',(-5.0171756933729,15.193023006032,11.));
#951=DIRECTION('',(0.,0.,-1.));
#952=VECTOR('',#951,11.);
#953=LINE('',#950,#952);
#954=EDGE_CURVE('',#949,#940,#953,.T.);
#955=ORIENTED_EDGE('E251',*,*,#954,.F.);
#956=CARTESIAN_POINT('',(1.7763568394003E-15,5.3290705182008E-15,11.));
#957=DIRECTION('',(-0.171875,0.98511876663426,0.));
#958=DIRECTION('',(-2.4671622769448E-17,-4.2732504141857E-17,1.));
#959=AXIS2_PLACEMENT_3D('',#956,#958,#957);
#960=CIRCLE('',#959,16.);
#961=EDGE_CURVE('',#56,#949,#960,.T.);
#962=ORIENTED_EDGE('E27',*,*,#961,.F.);
#963=EDGE_LOOP('',(#938,#947,#955,#962));
#964=FACE_OUTER_BOUND('',#963,.T.);
#965=ADVANCED_FACE('F218',(#964),#937,.T.);
#966=CARTESIAN_POINT('',(0.,-1.7763568394003E-15,-1.));
#967=DIRECTION('',(1.,8.8060174978503E-17,5.5511151231258E-17));
#968=DIRECTION('',(0.,6.1232339957368E-17,1.));
#969=AXIS2_PLACEMENT_3D('',#966,#968,#967);
#970=CYLINDRICAL_SURFACE('',#969,16.);
#971=CARTESIAN_POINT('',(10.648956036819,-11.941513108727,11.));
#972=VERTEX_POINT('',#971);
#973=CARTESIAN_POINT('',(-5.3290705182008E-15,-1.7763568394003E-15,11.));
#974=DIRECTION('',(0.66555975230153,-0.74634456929513,0.));
#975=DIRECTION('',(2.3129646346357E-17,1.335390754433E-17,1.));
#976=AXIS2_PLACEMENT_3D('',#973,#975,#974);
#977=CIRCLE('',#976,16.);
#978=EDGE_CURVE('',#972,#196,#977,.T.);
#979=ORIENTED_EDGE('E102',*,*,#978,.F.);
#980=CARTESIAN_POINT('',(10.648956036819,-11.941513108727,1.021918333209E-15));
#981=VERTEX_POINT('',#980);
#982=CARTESIAN_POINT('',(10.648956036819,-11.941513108727,9.9920072216264E-16));
#983=DIRECTION('',(0.,0.,1.));
#984=VECTOR('',#983,11.);
#985=LINE('',#982,#984);
#986=EDGE_CURVE('',#981,#972,#985,.T.);
#987=ORIENTED_EDGE('E275',*,*,#986,.F.);
#988=CARTESIAN_POINT('',(5.3290705182008E-15,0.,5.1239276034895E-16));
#989=DIRECTION('',(0.76720037765006,-0.64140749959258,6.4238025116708E-17));
#990=DIRECTION('',(2.3486603709448E-17,-7.2058861036799E-17,-1.));
#991=AXIS2_PLACEMENT_3D('',#988,#990,#989);
#992=CIRCLE('',#991,16.);
#993=EDGE_CURVE('',#172,#981,#992,.T.);
#994=ORIENTED_EDGE('E39',*,*,#993,.F.);
#995=ORIENTED_EDGE('E39',*,*,#213,.F.);
#996=EDGE_LOOP('',(#979,#987,#994,#995));
#997=FACE_OUTER_BOUND('',#996,.T.);
#998=ADVANCED_FACE('F219',(#997),#970,.T.);
#999=ORIENTED_EDGE('',*,*,#127,.F.);
#1000=CARTESIAN_POINT('',(-10.648956036819,-11.941513108727,2.6036687853143E-15));
#1001=VERTEX_POINT('',#1000);
#1002=CARTESIAN_POINT('',(0.,1.7763568394003E-15,5.1239276034895E-16));
#1003=DIRECTION('',(-0.66555975230119,-0.74634456929543,6.9412477751686E-17));
#1004=DIRECTION('',(-2.3486603709448E-17,-7.2058861036799E-17,-1.));
#1005=AXIS2_PLACEMENT_3D('',#1002,#1004,#1003);
#1006=CIRCLE('',#1005,16.);
#1007=EDGE_CURVE('',#1001,#108,#1006,.T.);
#1008=ORIENTED_EDGE('E101',*,*,#1007,.F.);
#1009=CARTESIAN_POINT('',(-10.648956036819,-11.941513108727,11.));
#1010=VERTEX_POINT('',#1009);
#1011=CARTESIAN_POINT('',(-10.648956036819,-11.941513108727,11.));
#1012=DIRECTION('',(0.,0.,-1.));
#1013=VECTOR('',#1012,11.);
#1014=LINE('',#1011,#1013);
#1015=EDGE_CURVE('',#1010,#1001,#1014,.T.);
#1016=ORIENTED_EDGE('E270',*,*,#1015,.F.);
#1017=CARTESIAN_POINT('',(0.,-3.4186003313486E-15,11.));
#1018=DIRECTION('',(-0.76720037636856,-0.6414075011254,1.1102230246252E-16));
#1019=DIRECTION('',(9.8686491077792E-17,-5.8757193195053E-17,1.));
#1020=AXIS2_PLACEMENT_3D('',#1017,#1019,#1018);
#1021=CIRCLE('',#1020,16.);
#1022=EDGE_CURVE('',#122,#1010,#1021,.T.);
#1023=ORIENTED_EDGE('E28',*,*,#1022,.F.);
#1024=EDGE_LOOP('',(#999,#1008,#1016,#1023));
#1025=FACE_OUTER_BOUND('',#1024,.T.);
#1026=ADVANCED_FACE('F220',(#1025),#904,.T.);
#1027=CARTESIAN_POINT('',(-7.8159700933611E-14,9.9920072216264E-16,-4.42253194963E-16));
#1028=DIRECTION('',(0.93907537765006,-0.34371126704168,2.7640824685187E-17));
#1029=DIRECTION('',(-1.6148698540002E-16,1.5139404881252E-16,1.));
#1030=AXIS2_PLACEMENT_3D('',#1027,#1029,#1028);
#1031=CYLINDRICAL_SURFACE('',#1030,16.);
#1032=ORIENTED_EDGE('',*,*,#81,.F.);
#1033=CARTESIAN_POINT('',(5.0171756933729,15.193023006032,11.));
#1034=VERTEX_POINT('',#1033);
#1035=CARTESIAN_POINT('',(-5.3290705182008E-15,-5.3290705182008E-15,11.));
#1036=DIRECTION('',(0.171875,0.98511876663426,0.));
#1037=DIRECTION('',(0.,-0.,-1.));
#1038=AXIS2_PLACEMENT_3D('',#1035,#1037,#1036);
#1039=CIRCLE('',#1038,16.);
#1040=EDGE_CURVE('',#64,#1034,#1039,.T.);
#1041=ORIENTED_EDGE('E26',*,*,#1040,.T.);
#1042=CARTESIAN_POINT('',(5.0171756933729,15.193023006032,-1.1541244258959E-15));
#1043=VERTEX_POINT('',#1042);
#1044=CARTESIAN_POINT('',(5.0171756933729,15.193023006032,-1.1541244258959E-15));
#1045=DIRECTION('',(0.,0.,1.));
#1046=VECTOR('',#1045,11.);
#1047=LINE('',#1044,#1046);
#1048=EDGE_CURVE('',#1043,#1034,#1047,.T.);
#1049=ORIENTED_EDGE('E259',*,*,#1048,.F.);
#1050=CARTESIAN_POINT('',(5.3290705182008E-15,-8.8817841970013E-16,5.1239276034896E-16));
#1051=DIRECTION('',(0.31357348083529,0.94956393787719,-6.1059719766877E-17));
#1052=DIRECTION('',(-2.3486603709448E-17,7.2058861036799E-17,1.));
#1053=AXIS2_PLACEMENT_3D('',#1050,#1052,#1051);
#1054=CIRCLE('',#1053,16.);
#1055=EDGE_CURVE('',#1043,#40,#1054,.T.);
#1056=ORIENTED_EDGE('E99',*,*,#1055,.T.);
#1057=EDGE_LOOP('',(#1032,#1041,#1049,#1056));
#1058=FACE_OUTER_BOUND('',#1057,.T.);
#1059=ADVANCED_FACE('F221',(#1058),#1031,.T.);
#1060=ORIENTED_EDGE('',*,*,#193,.F.);
#1061=CARTESIAN_POINT('',(15.666131730192,-3.2515098973054,0.));
#1062=VERTEX_POINT('',#1061);
#1063=CARTESIAN_POINT('',(5.3290705182008E-15,-8.8817841970013E-16,5.1239276034896E-16));
#1064=DIRECTION('',(0.93907537765006,-0.34371126704168,4.6823133676706E-17));
#1065=DIRECTION('',(-2.3486603709448E-17,7.2058861036799E-17,1.));
#1066=AXIS2_PLACEMENT_3D('',#1063,#1065,#1064);
#1067=CIRCLE('',#1066,16.);
#1068=EDGE_CURVE('',#174,#1062,#1067,.T.);
#1069=ORIENTED_EDGE('E38',*,*,#1068,.T.);
#1070=CARTESIAN_POINT('',(15.666131730192,-3.2515098973054,11.));
#1071=VERTEX_POINT('',#1070);
#1072=CARTESIAN_POINT('',(15.666131730192,-3.2515098973054,11.));
#1073=DIRECTION('',(-1.6148698540002E-16,4.0371746350006E-17,-1.));
#1074=VECTOR('',#1073,11.);
#1075=LINE('',#1072,#1074);
#1076=EDGE_CURVE('',#1071,#1062,#1075,.T.);
#1077=ORIENTED_EDGE('E265',*,*,#1076,.F.);
#1078=CARTESIAN_POINT('',(-5.3290705182008E-15,-5.3290705182008E-15,11.));
#1079=DIRECTION('',(0.97913323312525,-0.20321936863817,0.));
#1080=DIRECTION('',(0.,-0.,-1.));
#1081=AXIS2_PLACEMENT_3D('',#1078,#1080,#1079);
#1082=CIRCLE('',#1081,16.);
#1083=EDGE_CURVE('',#1071,#188,#1082,.T.);
#1084=ORIENTED_EDGE('E103',*,*,#1083,.T.);
#1085=EDGE_LOOP('',(#1060,#1069,#1077,#1084));
#1086=FACE_OUTER_BOUND('',#1085,.T.);
#1087=ADVANCED_FACE('F222',(#1086),#1031,.T.);
#1088=CARTESIAN_POINT('',(-5.2904825099288,15.364676853489,5.5));
#1089=DIRECTION('',(-0.32556815445716,0.94551857559932,0.));
#1090=DIRECTION('',(0.94551857559932,0.32556815445716,-0.));
#1091=AXIS2_PLACEMENT_3D('',#1088,#1090,#1089);
#1092=PLANE('',#1091);
#1093=CARTESIAN_POINT('',(-4.0696019307145,11.818982194991,-1.624184740097E-16));
#1094=VERTEX_POINT('',#1093);
#1095=CARTESIAN_POINT('',(-4.0696019307145,11.818982194991,11.));
#1096=VERTEX_POINT('',#1095);
#1097=CARTESIAN_POINT('',(-4.0696019307145,11.818982194991,-3.3306690738755E-16));
#1098=DIRECTION('',(0.,-1.6148698540002E-16,1.));
#1099=VECTOR('',#1098,11.);
#1100=LINE('',#1097,#1099);
#1101=EDGE_CURVE('',#1094,#1096,#1100,.T.);
#1102=ORIENTED_EDGE('E175',*,*,#1101,.F.);
#1103=CARTESIAN_POINT('',(-5.1435647123256,14.937996587566,3.2464254855033E-17));
#1104=VERTEX_POINT('',#1103);
#1105=CARTESIAN_POINT('',(-5.1435647123256,14.937996587566,0.));
#1106=DIRECTION('',(0.32556815445716,-0.94551857559932,0.));
#1107=VECTOR('',#1106,3.2987341265052);
#1108=LINE('',#1105,#1107);
#1109=EDGE_CURVE('',#1104,#1094,#1108,.T.);
#1110=ORIENTED_EDGE('E182',*,*,#1109,.F.);
#1111=CARTESIAN_POINT('',(-5.1435647123256,14.937996587566,11.));
#1112=VERTEX_POINT('',#1111);
#1113=CARTESIAN_POINT('',(-5.1435647123256,14.937996587566,11.));
#1114=DIRECTION('',(0.,0.,-1.));
#1115=VECTOR('',#1114,11.);
#1116=LINE('',#1113,#1115);
#1117=EDGE_CURVE('',#1112,#1104,#1116,.T.);
#1118=ORIENTED_EDGE('E252',*,*,#1117,.F.);
#1119=CARTESIAN_POINT('',(-4.0696019307145,11.818982194991,11.));
#1120=DIRECTION('',(-0.32556815445716,0.94551857559932,5.3849651753601E-16));
#1121=VECTOR('',#1120,3.2987341265052);
#1122=LINE('',#1119,#1121);
#1123=EDGE_CURVE('',#1096,#1112,#1122,.T.);
#1124=ORIENTED_EDGE('E184',*,*,#1123,.F.);
#1125=EDGE_LOOP('',(#1102,#1110,#1118,#1124));
#1126=FACE_OUTER_BOUND('',#1125,.F.);
#1127=ADVANCED_FACE('F274',(#1126),#1092,.F.);
#1128=CARTESIAN_POINT('',(-6.2172489379009E-14,2.4424906541753E-15,-1.));
#1129=DIRECTION('',(-0.98162718344766,-0.19080899537655,0.));
#1130=DIRECTION('',(0.,1.7080354225002E-17,1.));
#1131=AXIS2_PLACEMENT_3D('',#1128,#1130,#1129);
#1132=CYLINDRICAL_SURFACE('',#1131,12.5);
#1133=ORIENTED_EDGE('',*,*,#1101,.T.);
#1134=CARTESIAN_POINT('',(-8.6758790742618,8.998840052406,11.));
#1135=VERTEX_POINT('',#1134);
#1136=CARTESIAN_POINT('',(-7.105427357601E-15,1.7763568394003E-15,11.));
#1137=DIRECTION('',(-0.69407032594095,0.71990720419248,-1.4210854715202E-16));
#1138=DIRECTION('',(-2.3495904360294E-16,-1.3484524848436E-16,-1.));
#1139=AXIS2_PLACEMENT_3D('',#1136,#1138,#1137);
#1140=CIRCLE('',#1139,12.5);
#1141=EDGE_CURVE('',#1135,#1096,#1140,.T.);
#1142=ORIENTED_EDGE('E187',*,*,#1141,.F.);
#1143=CARTESIAN_POINT('',(-8.6758790742618,8.998840052406,1.3763258769945E-16));
#1144=VERTEX_POINT('',#1143);
#1145=CARTESIAN_POINT('',(-8.6758790742618,8.998840052406,2.2204460492503E-16));
#1146=DIRECTION('',(0.,-1.6148698540002E-16,1.));
#1147=VECTOR('',#1146,11.);
#1148=LINE('',#1145,#1147);
#1149=EDGE_CURVE('',#1144,#1135,#1148,.T.);
#1150=ORIENTED_EDGE('E254',*,*,#1149,.F.);
#1151=CARTESIAN_POINT('',(-2.6645352591004E-14,4.4408920985006E-14,-1.9467234441744E-16));
#1152=DIRECTION('',(-0.32556815445716,0.94551857559932,1.5573787553395E-17));
#1153=DIRECTION('',(1.7870841987194E-17,-1.0317735431951E-17,1.));
#1154=AXIS2_PLACEMENT_3D('',#1151,#1153,#1152);
#1155=CIRCLE('',#1154,12.5);
#1156=EDGE_CURVE('',#1094,#1144,#1155,.T.);
#1157=ORIENTED_EDGE('E185',*,*,#1156,.F.);
#1158=EDGE_LOOP('',(#1133,#1142,#1150,#1157));
#1159=FACE_OUTER_BOUND('',#1158,.F.);
#1160=ADVANCED_FACE('F275',(#1159),#1132,.T.);
#1161=CARTESIAN_POINT('',(-2.0428103653103E-14,-3.3750779948605E-14,-1.));
#1162=DIRECTION('',(0.32556815445716,0.94551857559932,0.));
#1163=DIRECTION('',(0.,0.,1.));
#1164=AXIS2_PLACEMENT_3D('',#1161,#1163,#1162);
#1165=CYLINDRICAL_SURFACE('',#1164,12.5);
#1166=CARTESIAN_POINT('',(4.0696019307145,11.818982194991,0.));
#1167=VERTEX_POINT('',#1166);
#1168=CARTESIAN_POINT('',(4.0696019307145,11.818982194991,11.));
#1169=VERTEX_POINT('',#1168);
#1170=CARTESIAN_POINT('',(4.0696019307145,11.818982194991,-3.3306690738755E-16));
#1171=DIRECTION('',(0.,0.,1.));
#1172=VECTOR('',#1171,11.);
#1173=LINE('',#1170,#1172);
#1174=EDGE_CURVE('',#1167,#1169,#1173,.T.);
#1175=ORIENTED_EDGE('E162',*,*,#1174,.F.);
#1176=CARTESIAN_POINT('',(8.6758790742618,8.998840052406,-1.0122854225431E-15));
#1177=VERTEX_POINT('',#1176);
#1178=CARTESIAN_POINT('',(-1.4210854715202E-14,-1.4210854715202E-14,-1.9467234441744E-16));
#1179=DIRECTION('',(0.69407032594095,0.71990720419248,1.9831433191304E-17));
#1180=DIRECTION('',(-1.7870841987194E-17,-1.0317735431951E-17,1.));
#1181=AXIS2_PLACEMENT_3D('',#1178,#1180,#1179);
#1182=CIRCLE('',#1181,12.5);
#1183=EDGE_CURVE('',#1177,#1167,#1182,.T.);
#1184=ORIENTED_EDGE('E188',*,*,#1183,.F.);
#1185=CARTESIAN_POINT('',(8.6758790742618,8.998840052406,11.));
#1186=VERTEX_POINT('',#1185);
#1187=CARTESIAN_POINT('',(8.6758790742618,8.998840052406,11.));
#1188=DIRECTION('',(-1.6148698540002E-16,1.6148698540002E-16,-1.));
#1189=VECTOR('',#1188,11.);
#1190=LINE('',#1187,#1189);
#1191=EDGE_CURVE('',#1186,#1177,#1190,.T.);
#1192=ORIENTED_EDGE('E256',*,*,#1191,.F.);
#1193=CARTESIAN_POINT('',(5.3290705182008E-15,3.5527136788005E-15,11.));
#1194=DIRECTION('',(0.32556815445716,0.94551857559932,5.6843418860808E-16));
#1195=DIRECTION('',(1.4406313364256E-16,3.8771856131592E-16,-1.));
#1196=AXIS2_PLACEMENT_3D('',#1193,#1195,#1194);
#1197=CIRCLE('',#1196,12.5);
#1198=EDGE_CURVE('',#1169,#1186,#1197,.T.);
#1199=ORIENTED_EDGE('E189',*,*,#1198,.F.);
#1200=EDGE_LOOP('',(#1175,#1184,#1192,#1199));
#1201=FACE_OUTER_BOUND('',#1200,.F.);
#1202=ADVANCED_FACE('F276',(#1201),#1165,.T.);
#1203=CARTESIAN_POINT('',(5.2904825099288,15.364676853489,5.5));
#1204=DIRECTION('',(-0.32556815445716,-0.94551857559932,0.));
#1205=DIRECTION('',(-0.94551857559932,0.32556815445716,0.));
#1206=AXIS2_PLACEMENT_3D('',#1203,#1205,#1204);
#1207=PLANE('',#1206);
#1208=ORIENTED_EDGE('',*,*,#1174,.T.);
#1209=CARTESIAN_POINT('',(5.1435647123256,14.937996587566,11.));
#1210=VERTEX_POINT('',#1209);
#1211=CARTESIAN_POINT('',(5.1435647123256,14.937996587566,11.));
#1212=DIRECTION('',(-0.32556815445716,-0.94551857559932,0.));
#1213=VECTOR('',#1212,3.2987341265052);
#1214=LINE('',#1211,#1213);
#1215=EDGE_CURVE('',#1210,#1169,#1214,.T.);
#1216=ORIENTED_EDGE('E192',*,*,#1215,.F.);
#1217=CARTESIAN_POINT('',(5.1435647123256,14.937996587566,-2.1094237467878E-15));
#1218=VERTEX_POINT('',#1217);
#1219=CARTESIAN_POINT('',(5.1435647123256,14.937996587566,-2.1094237467878E-15));
#1220=DIRECTION('',(0.,0.,1.));
#1221=VECTOR('',#1220,11.);
#1222=LINE('',#1219,#1221);
#1223=EDGE_CURVE('',#1218,#1210,#1222,.T.);
#1224=ORIENTED_EDGE('E260',*,*,#1223,.F.);
#1225=CARTESIAN_POINT('',(4.0696019307145,11.818982194991,0.));
#1226=DIRECTION('',(0.32556815445716,0.94551857559932,0.));
#1227=VECTOR('',#1226,3.2987341265052);
#1228=LINE('',#1225,#1227);
#1229=EDGE_CURVE('',#1167,#1218,#1228,.T.);
#1230=ORIENTED_EDGE('E191',*,*,#1229,.F.);
#1231=EDGE_LOOP('',(#1208,#1216,#1224,#1230));
#1232=FACE_OUTER_BOUND('',#1231,.F.);
#1233=ADVANCED_FACE('F277',(#1232),#1207,.F.);
#1234=CARTESIAN_POINT('',(-12.270339793096,-2.3851124422068,0.));
#1235=VERTEX_POINT('',#1234);
#1236=CARTESIAN_POINT('',(-12.270339793096,-2.3851124422068,11.));
#1237=VERTEX_POINT('',#1236);
#1238=CARTESIAN_POINT('',(-12.270339793096,-2.3851124422068,-3.3306690738755E-16));
#1239=DIRECTION('',(0.,0.,1.));
#1240=VECTOR('',#1239,11.);
#1241=LINE('',#1238,#1240);
#1242=EDGE_CURVE('',#1235,#1237,#1241,.T.);
#1243=ORIENTED_EDGE('E174',*,*,#1242,.F.);
#1244=CARTESIAN_POINT('',(-12.131163627107,3.0141116522696,-1.1946350418507E-15));
#1245=VERTEX_POINT('',#1244);
#1246=CARTESIAN_POINT('',(-1.9539925233403E-14,-9.9920072216264E-16,-1.9467234441744E-16));
#1247=DIRECTION('',(-0.97049309016859,0.24112893218157,1.9831433191304E-17));
#1248=DIRECTION('',(1.7870841987194E-17,-1.0317735431951E-17,1.));
#1249=AXIS2_PLACEMENT_3D('',#1246,#1248,#1247);
#1250=CIRCLE('',#1249,12.5);
#1251=EDGE_CURVE('',#1245,#1235,#1250,.T.);
#1252=ORIENTED_EDGE('E180',*,*,#1251,.F.);
#1253=CARTESIAN_POINT('',(-12.131163627107,3.0141116522696,11.));
#1254=VERTEX_POINT('',#1253);
#1255=CARTESIAN_POINT('',(-12.131163627107,3.0141116522696,11.));
#1256=DIRECTION('',(0.,0.,-1.));
#1257=VECTOR('',#1256,11.);
#1258=LINE('',#1255,#1257);
#1259=EDGE_CURVE('',#1254,#1245,#1258,.T.);
#1260=ORIENTED_EDGE('E249',*,*,#1259,.F.);
#1261=CARTESIAN_POINT('',(-2.1316282072803E-14,1.1102230246252E-16,11.));
#1262=DIRECTION('',(-0.98162718344766,-0.19080899537654,5.6843418860808E-16));
#1263=DIRECTION('',(-4.0780569043962E-16,-6.9096947174711E-17,-1.));
#1264=AXIS2_PLACEMENT_3D('',#1261,#1263,#1262);
#1265=CIRCLE('',#1264,12.5);
#1266=EDGE_CURVE('',#1237,#1254,#1265,.T.);
#1267=ORIENTED_EDGE('E181',*,*,#1266,.F.);
#1268=EDGE_LOOP('',(#1243,#1252,#1260,#1267));
#1269=FACE_OUTER_BOUND('',#1268,.F.);
#1270=ADVANCED_FACE('F278',(#1269),#1132,.T.);
#1271=CARTESIAN_POINT('',(-15.951441731025,-3.1006461748688,5.5));
#1272=DIRECTION('',(0.98162718344766,0.19080899537654,0.));
#1273=DIRECTION('',(0.19080899537654,-0.98162718344766,0.));
#1274=AXIS2_PLACEMENT_3D('',#1271,#1273,#1272);
#1275=PLANE('',#1274);
#1276=ORIENTED_EDGE('',*,*,#1242,.T.);
#1277=CARTESIAN_POINT('',(-15.50846688264,-3.0145405868996,11.));
#1278=VERTEX_POINT('',#1277);
#1279=CARTESIAN_POINT('',(-15.50846688264,-3.0145405868996,11.));
#1280=DIRECTION('',(0.98162718344766,0.19080899537654,5.3849651753601E-16));
#1281=VECTOR('',#1280,3.2987341265052);
#1282=LINE('',#1279,#1281);
#1283=EDGE_CURVE('',#1278,#1237,#1282,.T.);
#1284=ORIENTED_EDGE('E178',*,*,#1283,.F.);
#1285=CARTESIAN_POINT('',(-15.50846688264,-3.0145405868996,5.2177926021956E-17));
#1286=VERTEX_POINT('',#1285);
#1287=CARTESIAN_POINT('',(-15.50846688264,-3.0145405868996,3.3306690738755E-16));
#1288=DIRECTION('',(0.,0.,1.));
#1289=VECTOR('',#1288,11.);
#1290=LINE('',#1287,#1289);
#1291=EDGE_CURVE('',#1286,#1278,#1290,.T.);
#1292=ORIENTED_EDGE('E247',*,*,#1291,.F.);
#1293=CARTESIAN_POINT('',(-12.270339793096,-2.3851124422068,0.));
#1294=DIRECTION('',(-0.98162718344766,-0.19080899537654,0.));
#1295=VECTOR('',#1294,3.2987341265052);
#1296=LINE('',#1293,#1295);
#1297=EDGE_CURVE('',#1235,#1286,#1296,.T.);
#1298=ORIENTED_EDGE('E177',*,*,#1297,.F.);
#1299=EDGE_LOOP('',(#1276,#1284,#1292,#1298));
#1300=FACE_OUTER_BOUND('',#1299,.F.);
#1301=ADVANCED_FACE('F279',(#1300),#1275,.F.);
#1302=CARTESIAN_POINT('',(-10.660959221096,-12.26403067862,5.5));
#1303=DIRECTION('',(-0.65605902899051,-0.75470958022277,0.));
#1304=DIRECTION('',(-0.75470958022277,0.65605902899051,0.));
#1305=AXIS2_PLACEMENT_3D('',#1302,#1304,#1303);
#1306=PLANE('',#1305);
#1307=CARTESIAN_POINT('',(-8.2007378623813,-9.4338697527846,0.));
#1308=VERTEX_POINT('',#1307);
#1309=CARTESIAN_POINT('',(-8.2007378623813,-9.4338697527846,11.));
#1310=VERTEX_POINT('',#1309);
#1311=CARTESIAN_POINT('',(-8.2007378623813,-9.4338697527846,-3.3306690738755E-16));
#1312=DIRECTION('',(0.,0.,1.));
#1313=VECTOR('',#1312,11.);
#1314=LINE('',#1311,#1313);
#1315=EDGE_CURVE('',#1308,#1310,#1314,.T.);
#1316=ORIENTED_EDGE('E150',*,*,#1315,.F.);
#1317=CARTESIAN_POINT('',(-10.364902170314,-11.923456000666,1.2212453270877E-15));
#1318=VERTEX_POINT('',#1317);
#1319=CARTESIAN_POINT('',(-10.364902170314,-11.923456000666,0.));
#1320=DIRECTION('',(0.65605902899051,0.75470958022277,0.));
#1321=VECTOR('',#1320,3.2987341265052);
#1322=LINE('',#1319,#1321);
#1323=EDGE_CURVE('',#1318,#1308,#1322,.T.);
#1324=ORIENTED_EDGE('E203',*,*,#1323,.F.);
#1325=CARTESIAN_POINT('',(-10.364902170314,-11.923456000666,11.));
#1326=VERTEX_POINT('',#1325);
#1327=CARTESIAN_POINT('',(-10.364902170314,-11.923456000666,11.));
#1328=DIRECTION('',(0.,0.,-1.));
#1329=VECTOR('',#1328,11.);
#1330=LINE('',#1327,#1329);
#1331=EDGE_CURVE('',#1326,#1318,#1330,.T.);
#1332=ORIENTED_EDGE('E271',*,*,#1331,.F.);
#1333=CARTESIAN_POINT('',(-8.2007378623813,-9.4338697527846,11.));
#1334=DIRECTION('',(-0.65605902899051,-0.75470958022277,0.));
#1335=VECTOR('',#1334,3.2987341265052);
#1336=LINE('',#1333,#1335);
#1337=EDGE_CURVE('',#1310,#1326,#1336,.T.);
#1338=ORIENTED_EDGE('E205',*,*,#1337,.F.);
#1339=EDGE_LOOP('',(#1316,#1324,#1332,#1338));
#1340=FACE_OUTER_BOUND('',#1339,.F.);
#1341=ADVANCED_FACE('F282',(#1340),#1306,.F.);
#1342=CARTESIAN_POINT('',(-2.6645352591004E-15,7.105427357601E-15,-1.));
#1343=DIRECTION('',(0.65605902899051,-0.75470958022277,0.));
#1344=DIRECTION('',(-6.832141690001E-17,0.,1.));
#1345=AXIS2_PLACEMENT_3D('',#1342,#1344,#1343);
#1346=CYLINDRICAL_SURFACE('',#1345,12.5);
#1347=ORIENTED_EDGE('',*,*,#1315,.T.);
#1348=CARTESIAN_POINT('',(-3.4552845528455,-12.012951704676,11.));
#1349=VERTEX_POINT('',#1348);
#1350=CARTESIAN_POINT('',(1.7763568394003E-15,1.0658141036402E-14,11.));
#1351=DIRECTION('',(-0.27642276422764,-0.96103613637404,-7.105427357601E-16));
#1352=DIRECTION('',(1.3037808440227E-17,7.6689771104032E-16,-1.));
#1353=AXIS2_PLACEMENT_3D('',#1350,#1352,#1351);
#1354=CIRCLE('',#1353,12.5);
#1355=EDGE_CURVE('',#1349,#1310,#1354,.T.);
#1356=ORIENTED_EDGE('E202',*,*,#1355,.F.);
#1357=CARTESIAN_POINT('',(-3.4552845528455,-12.012951704676,-9.1059149941316E-17));
#1358=VERTEX_POINT('',#1357);
#1359=CARTESIAN_POINT('',(-3.4552845528455,-12.012951704676,-2.2204460492503E-16));
#1360=DIRECTION('',(4.0371746350006E-17,0.,1.));
#1361=VECTOR('',#1360,11.);
#1362=LINE('',#1359,#1361);
#1363=EDGE_CURVE('',#1358,#1349,#1362,.T.);
#1364=ORIENTED_EDGE('E268',*,*,#1363,.F.);
#1365=CARTESIAN_POINT('',(-6.2172489379009E-15,-5.3290705182008E-15,-1.9467234441744E-16));
#1366=DIRECTION('',(-0.65605902899051,-0.75470958022277,1.5573787553395E-17));
#1367=DIRECTION('',(-9.9858264789043E-33,2.0635470863903E-17,1.));
#1368=AXIS2_PLACEMENT_3D('',#1365,#1367,#1366);
#1369=CIRCLE('',#1368,12.5);
#1370=EDGE_CURVE('',#1308,#1358,#1369,.T.);
#1371=ORIENTED_EDGE('E201',*,*,#1370,.F.);
#1372=EDGE_LOOP('',(#1347,#1356,#1364,#1371));
#1373=FACE_OUTER_BOUND('',#1372,.F.);
#1374=ADVANCED_FACE('F283',(#1373),#1346,.T.);
#1375=CARTESIAN_POINT('',(8.2007378623813,-9.4338697527847,0.));
#1376=VERTEX_POINT('',#1375);
#1377=CARTESIAN_POINT('',(8.2007378623813,-9.4338697527847,11.));
#1378=VERTEX_POINT('',#1377);
#1379=CARTESIAN_POINT('',(8.2007378623813,-9.4338697527847,-3.3306690738755E-16));
#1380=DIRECTION('',(0.,0.,1.));
#1381=VECTOR('',#1380,11.);
#1382=LINE('',#1379,#1381);
#1383=EDGE_CURVE('',#1376,#1378,#1382,.T.);
#1384=ORIENTED_EDGE('E149',*,*,#1383,.F.);
#1385=CARTESIAN_POINT('',(3.4552845528455,-12.012951704676,-3.9624431182058E-16));
#1386=VERTEX_POINT('',#1385);
#1387=CARTESIAN_POINT('',(7.9936057773011E-15,-1.5987211554602E-14,-1.9467234441744E-16));
#1388=DIRECTION('',(0.27642276422764,-0.96103613637404,1.9831433191304E-17));
#1389=DIRECTION('',(1.5432640921943E-32,2.0635470863903E-17,1.));
#1390=AXIS2_PLACEMENT_3D('',#1387,#1389,#1388);
#1391=CIRCLE('',#1390,12.5);
#1392=EDGE_CURVE('',#1386,#1376,#1391,.T.);
#1393=ORIENTED_EDGE('E208',*,*,#1392,.F.);
#1394=CARTESIAN_POINT('',(3.4552845528455,-12.012951704676,11.));
#1395=VERTEX_POINT('',#1394);
#1396=CARTESIAN_POINT('',(3.4552845528455,-12.012951704676,11.));
#1397=DIRECTION('',(8.0743492700011E-17,0.,-1.));
#1398=VECTOR('',#1397,11.);
#1399=LINE('',#1396,#1398);
#1400=EDGE_CURVE('',#1395,#1386,#1399,.T.);
#1401=ORIENTED_EDGE('E273',*,*,#1400,.F.);
#1402=CARTESIAN_POINT('',(5.3290705182008E-15,-1.7763568394003E-15,11.));
#1403=DIRECTION('',(0.65605902899051,-0.75470958022277,1.5631940186722E-15));
#1404=DIRECTION('',(4.33421951349E-16,-1.66218832523E-15,-1.));
#1405=AXIS2_PLACEMENT_3D('',#1402,#1404,#1403);
#1406=CIRCLE('',#1405,12.5);
#1407=EDGE_CURVE('',#1378,#1395,#1406,.T.);
#1408=ORIENTED_EDGE('E206',*,*,#1407,.F.);
#1409=EDGE_LOOP('',(#1384,#1393,#1401,#1408));
#1410=FACE_OUTER_BOUND('',#1409,.F.);
#1411=ADVANCED_FACE('F284',(#1410),#1346,.T.);
#1412=CARTESIAN_POINT('',(10.660959221096,-12.26403067862,5.5));
#1413=DIRECTION('',(-0.65605902899051,0.75470958022277,0.));
#1414=DIRECTION('',(0.75470958022277,0.65605902899051,-0.));
#1415=AXIS2_PLACEMENT_3D('',#1412,#1414,#1413);
#1416=PLANE('',#1415);
#1417=ORIENTED_EDGE('',*,*,#1383,.T.);
#1418=CARTESIAN_POINT('',(10.364902170314,-11.923456000666,11.));
#1419=VERTEX_POINT('',#1418);
#1420=CARTESIAN_POINT('',(10.364902170314,-11.923456000666,11.));
#1421=DIRECTION('',(-0.65605902899051,0.75470958022277,0.));
#1422=VECTOR('',#1421,3.2987341265052);
#1423=LINE('',#1420,#1422);
#1424=EDGE_CURVE('',#1419,#1378,#1423,.T.);
#1425=ORIENTED_EDGE('E209',*,*,#1424,.F.);
#1426=CARTESIAN_POINT('',(10.364902170314,-11.923456000666,2.5444009819586E-16));
#1427=VERTEX_POINT('',#1426);
#1428=CARTESIAN_POINT('',(10.364902170314,-11.923456000666,9.9920072216264E-16));
#1429=DIRECTION('',(0.,0.,1.));
#1430=VECTOR('',#1429,11.);
#1431=LINE('',#1428,#1430);
#1432=EDGE_CURVE('',#1427,#1419,#1431,.T.);
#1433=ORIENTED_EDGE('E276',*,*,#1432,.F.);
#1434=CARTESIAN_POINT('',(8.2007378623813,-9.4338697527847,0.));
#1435=DIRECTION('',(0.65605902899051,-0.75470958022277,0.));
#1436=VECTOR('',#1435,3.2987341265052);
#1437=LINE('',#1434,#1436);
#1438=EDGE_CURVE('',#1376,#1427,#1437,.T.);
#1439=ORIENTED_EDGE('E211',*,*,#1438,.F.);
#1440=EDGE_LOOP('',(#1417,#1425,#1433,#1439));
#1441=FACE_OUTER_BOUND('',#1440,.F.);
#1442=ADVANCED_FACE('F285',(#1441),#1416,.F.);
#1443=CARTESIAN_POINT('',(15.951441731025,-3.1006461748689,5.5));
#1444=DIRECTION('',(0.98162718344766,-0.19080899537654,0.));
#1445=DIRECTION('',(-0.19080899537654,-0.98162718344766,0.));
#1446=AXIS2_PLACEMENT_3D('',#1443,#1445,#1444);
#1447=PLANE('',#1446);
#1448=CARTESIAN_POINT('',(12.270339793096,-2.3851124422068,-6.0539161822901E-17));
#1449=VERTEX_POINT('',#1448);
#1450=CARTESIAN_POINT('',(12.270339793096,-2.3851124422068,11.));
#1451=VERTEX_POINT('',#1450);
#1452=CARTESIAN_POINT('',(12.270339793096,-2.3851124422068,-3.3306690738755E-16));
#1453=DIRECTION('',(-1.6148698540002E-16,0.,1.));
#1454=VECTOR('',#1453,11.);
#1455=LINE('',#1452,#1454);
#1456=EDGE_CURVE('',#1449,#1451,#1455,.T.);
#1457=ORIENTED_EDGE('E163',*,*,#1456,.F.);
#1458=CARTESIAN_POINT('',(15.50846688264,-3.0145405868996,0.));
#1459=VERTEX_POINT('',#1458);
#1460=CARTESIAN_POINT('',(15.50846688264,-3.0145405868996,0.));
#1461=DIRECTION('',(-0.98162718344766,0.19080899537654,0.));
#1462=VECTOR('',#1461,3.2987341265052);
#1463=LINE('',#1460,#1462);
#1464=EDGE_CURVE('',#1459,#1449,#1463,.T.);
#1465=ORIENTED_EDGE('E199',*,*,#1464,.F.);
#1466=CARTESIAN_POINT('',(15.50846688264,-3.0145405868996,11.));
#1467=VERTEX_POINT('',#1466);
#1468=CARTESIAN_POINT('',(15.50846688264,-3.0145405868996,11.));
#1469=DIRECTION('',(-1.6148698540002E-16,4.0371746350006E-17,-1.));
#1470=VECTOR('',#1469,11.);
#1471=LINE('',#1468,#1470);
#1472=EDGE_CURVE('',#1467,#1459,#1471,.T.);
#1473=ORIENTED_EDGE('E266',*,*,#1472,.F.);
#1474=CARTESIAN_POINT('',(12.270339793096,-2.3851124422068,11.));
#1475=DIRECTION('',(0.98162718344766,-0.19080899537654,0.));
#1476=VECTOR('',#1475,3.2987341265052);
#1477=LINE('',#1474,#1476);
#1478=EDGE_CURVE('',#1451,#1467,#1477,.T.);
#1479=ORIENTED_EDGE('E197',*,*,#1478,.F.);
#1480=EDGE_LOOP('',(#1457,#1465,#1473,#1479));
#1481=FACE_OUTER_BOUND('',#1480,.F.);
#1482=ADVANCED_FACE('F280',(#1481),#1447,.F.);
#1483=ORIENTED_EDGE('',*,*,#1456,.T.);
#1484=CARTESIAN_POINT('',(12.131163627107,3.0141116522696,11.));
#1485=VERTEX_POINT('',#1484);
#1486=CARTESIAN_POINT('',(-2.1316282072803E-14,-1.6653345369377E-16,11.));
#1487=DIRECTION('',(0.97049309016859,0.24112893218157,-5.6843418860808E-16));
#1488=DIRECTION('',(-7.5458419065016E-16,-7.6691022092963E-17,-1.));
#1489=AXIS2_PLACEMENT_3D('',#1486,#1488,#1487);
#1490=CIRCLE('',#1489,12.5);
#1491=EDGE_CURVE('',#1485,#1451,#1490,.T.);
#1492=ORIENTED_EDGE('E194',*,*,#1491,.F.);
#1493=CARTESIAN_POINT('',(12.131163627107,3.0141116522696,2.4604186593359E-17));
#1494=VERTEX_POINT('',#1493);
#1495=CARTESIAN_POINT('',(12.131163627107,3.0141116522696,1.1102230246252E-16));
#1496=DIRECTION('',(0.,8.0743492700011E-17,1.));
#1497=VECTOR('',#1496,11.);
#1498=LINE('',#1495,#1497);
#1499=EDGE_CURVE('',#1494,#1485,#1498,.T.);
#1500=ORIENTED_EDGE('E262',*,*,#1499,.F.);
#1501=CARTESIAN_POINT('',(1.5987211554602E-14,8.82627304577E-15,-1.9467234441744E-16));
#1502=DIRECTION('',(0.98162718344766,-0.19080899537655,1.5573787553395E-17));
#1503=DIRECTION('',(-1.7870841987194E-17,-1.0317735431951E-17,1.));
#1504=AXIS2_PLACEMENT_3D('',#1501,#1503,#1502);
#1505=CIRCLE('',#1504,12.5);
#1506=EDGE_CURVE('',#1449,#1494,#1505,.T.);
#1507=ORIENTED_EDGE('E195',*,*,#1506,.F.);
#1508=EDGE_LOOP('',(#1483,#1492,#1500,#1507));
#1509=FACE_OUTER_BOUND('',#1508,.F.);
#1510=ADVANCED_FACE('F281',(#1509),#1165,.T.);
#1511=CARTESIAN_POINT('',(1.5813557065887E-15,-3.8322310956387E-15,2.3));
#1512=DIRECTION('',(1.,7.1183038062026E-16,3.8614085705259E-17));
#1513=DIRECTION('',(3.8614085705259E-17,-1.2052693125978E-16,-1.));
#1514=AXIS2_PLACEMENT_3D('',#1511,#1513,#1512);
#1515=CONICAL_SURFACE('',#1514,5.05,0.78539816339746);
#1516=CARTESIAN_POINT('',(5.05,-1.6532731788489E-16,2.3));
#1517=DIRECTION('',(0.70710678118655,1.6298929481768E-16,-0.70710678118655));
#1518=VECTOR('',#1517,0.28284271247462);
#1519=LINE('',#1516,#1518);
#1520=EDGE_CURVE('',#556,#845,#1519,.T.);
#1521=ORIENTED_EDGE('E224',*,*,#1520,.F.);
#1522=ORIENTED_EDGE('E224',*,*,#568,.F.);
#1523=ORIENTED_EDGE('E224',*,*,#1520,.T.);
#1524=ORIENTED_EDGE('E224',*,*,#851,.T.);
#1525=EDGE_LOOP('',(#1521,#1522,#1523,#1524));
#1526=FACE_OUTER_BOUND('',#1525,.T.);
#1527=ADVANCED_FACE('F307',(#1526),#1515,.F.);
#1528=CARTESIAN_POINT('',(5.6568542494924,5.6568542494924,2.3));
#1529=DIRECTION('',(1.,-2.089831575765E-15,0.));
#1530=DIRECTION('',(-0.,-0.,-1.));
#1531=AXIS2_PLACEMENT_3D('',#1528,#1530,#1529);
#1532=CONICAL_SURFACE('',#1531,1.5,0.78539816339745);
#1533=CARTESIAN_POINT('',(7.3568542494924,5.6568542494924,2.1));
#1534=DIRECTION('',(-0.70710678118655,0.,0.70710678118655));
#1535=VECTOR('',#1534,0.28284271247462);
#1536=LINE('',#1533,#1535);
#1537=EDGE_CURVE('',#856,#656,#1536,.T.);
#1538=ORIENTED_EDGE('E229',*,*,#1537,.T.);
#1539=ORIENTED_EDGE('E229',*,*,#668,.F.);
#1540=ORIENTED_EDGE('E229',*,*,#1537,.F.);
#1541=ORIENTED_EDGE('E229',*,*,#862,.T.);
#1542=EDGE_LOOP('',(#1538,#1539,#1540,#1541));
#1543=FACE_OUTER_BOUND('',#1542,.F.);
#1544=ADVANCED_FACE('F308',(#1543),#1532,.F.);
#1545=CARTESIAN_POINT('',(-5.6568542494924,5.6568542494924,2.3));
#1546=DIRECTION('',(5.2245789394125E-16,1.,0.));
#1547=DIRECTION('',(-0.,-0.,-1.));
#1548=AXIS2_PLACEMENT_3D('',#1545,#1547,#1546);
#1549=CONICAL_SURFACE('',#1548,1.5,0.78539816339746);
#1550=CARTESIAN_POINT('',(-5.6568542494924,7.3568542494924,2.1));
#1551=DIRECTION('',(0.,-0.70710678118655,0.70710678118655));
#1552=VECTOR('',#1551,0.28284271247462);
#1553=LINE('',#1550,#1552);
#1554=EDGE_CURVE('',#867,#631,#1553,.T.);
#1555=ORIENTED_EDGE('E232',*,*,#1554,.T.);
#1556=ORIENTED_EDGE('E232',*,*,#643,.F.);
#1557=ORIENTED_EDGE('E232',*,*,#1554,.F.);
#1558=ORIENTED_EDGE('E232',*,*,#873,.T.);
#1559=EDGE_LOOP('',(#1555,#1556,#1557,#1558));
#1560=FACE_OUTER_BOUND('',#1559,.F.);
#1561=ADVANCED_FACE('F309',(#1560),#1549,.F.);
#1562=CARTESIAN_POINT('',(5.6568542494924,-5.6568542494924,2.3));
#1563=DIRECTION('',(-2.6122894697063E-15,-1.,0.));
#1564=DIRECTION('',(-0.,-0.,-1.));
#1565=AXIS2_PLACEMENT_3D('',#1562,#1564,#1563);
#1566=CONICAL_SURFACE('',#1565,1.5,0.78539816339745);
#1567=CARTESIAN_POINT('',(5.6568542494924,-7.3568542494924,2.1));
#1568=DIRECTION('',(0.,0.70710678118655,0.70710678118655));
#1569=VECTOR('',#1568,0.28284271247462);
#1570=LINE('',#1567,#1569);
#1571=EDGE_CURVE('',#878,#606,#1570,.T.);
#1572=ORIENTED_EDGE('E235',*,*,#1571,.T.);
#1573=ORIENTED_EDGE('E235',*,*,#618,.F.);
#1574=ORIENTED_EDGE('E235',*,*,#1571,.F.);
#1575=ORIENTED_EDGE('E235',*,*,#884,.T.);
#1576=EDGE_LOOP('',(#1572,#1573,#1574,#1575));
#1577=FACE_OUTER_BOUND('',#1576,.F.);
#1578=ADVANCED_FACE('F310',(#1577),#1566,.F.);
#1579=CARTESIAN_POINT('',(-5.6568542494924,-5.6568542494924,2.3));
#1580=DIRECTION('',(-1.,0.,0.));
#1581=DIRECTION('',(-0.,-0.,-1.));
#1582=AXIS2_PLACEMENT_3D('',#1579,#1581,#1580);
#1583=CONICAL_SURFACE('',#1582,1.5,0.78539816339745);
#1584=CARTESIAN_POINT('',(-7.3568542494924,-5.6568542494924,2.1));
#1585=DIRECTION('',(0.70710678118655,0.,0.70710678118655));
#1586=VECTOR('',#1585,0.28284271247462);
#1587=LINE('',#1584,#1586);
#1588=EDGE_CURVE('',#889,#581,#1587,.T.);
#1589=ORIENTED_EDGE('E238',*,*,#1588,.T.);
#1590=ORIENTED_EDGE('E238',*,*,#593,.F.);
#1591=ORIENTED_EDGE('E238',*,*,#1588,.F.);
#1592=ORIENTED_EDGE('E238',*,*,#895,.T.);
#1593=EDGE_LOOP('',(#1589,#1590,#1591,#1592));
#1594=FACE_OUTER_BOUND('',#1593,.F.);
#1595=ADVANCED_FACE('F311',(#1594),#1583,.F.);
#1596=CARTESIAN_POINT('',(0.,0.,11.));
#1597=DIRECTION('',(1.,0.,0.));
#1598=DIRECTION('',(0.,0.,1.));
#1599=AXIS2_PLACEMENT_3D('',#1596,#1598,#1597);
#1600=PLANE('',#1599);
#1601=ORIENTED_EDGE('',*,*,#75,.F.);
#1602=ORIENTED_EDGE('',*,*,#961,.T.);
#1603=CARTESIAN_POINT('',(-5.0171756933729,15.193023006032,11.));
#1604=DIRECTION('',(-0.44405105013991,-0.8960014870912,0.));
#1605=VECTOR('',#1604,0.28462722678593);
#1606=LINE('',#1603,#1605);
#1607=EDGE_CURVE('',#949,#1112,#1606,.T.);
#1608=ORIENTED_EDGE('E250',*,*,#1607,.T.);
#1609=ORIENTED_EDGE('E250',*,*,#1123,.F.);
#1610=ORIENTED_EDGE('E250',*,*,#1141,.F.);
#1611=CARTESIAN_POINT('',(-8.6370650090736,8.6816535308106,11.));
#1612=VERTEX_POINT('',#1611);
#1613=CARTESIAN_POINT('',(-8.6758790742618,8.998840052406,11.));
#1614=DIRECTION('',(0.12146380084497,-0.99259586191173,0.));
#1615=VECTOR('',#1614,0.31955253267375);
#1616=LINE('',#1613,#1615);
#1617=EDGE_CURVE('',#1135,#1612,#1616,.T.);
#1618=ORIENTED_EDGE('E287',*,*,#1617,.T.);
#1619=CARTESIAN_POINT('',(-7.1468565782228,7.8212812921102,11.));
#1620=DIRECTION('',(-0.86602540378444,0.5,0.));
#1621=VECTOR('',#1620,1.7207444774007);
#1622=LINE('',#1619,#1621);
#1623=EDGE_CURVE('',#294,#1612,#1622,.T.);
#1624=ORIENTED_EDGE('E127',*,*,#1623,.F.);
#1625=ORIENTED_EDGE('E127',*,*,#307,.F.);
#1626=CARTESIAN_POINT('',(-11.837065009074,3.1390909465902,11.));
#1627=VERTEX_POINT('',#1626);
#1628=CARTESIAN_POINT('',(-11.837065009074,3.1390909465902,11.));
#1629=DIRECTION('',(0.86602540378444,-0.5,-1.0323187798827E-15));
#1630=VECTOR('',#1629,1.7207444774007);
#1631=LINE('',#1628,#1630);
#1632=EDGE_CURVE('',#1627,#302,#1631,.T.);
#1633=ORIENTED_EDGE('E125',*,*,#1632,.F.);
#1634=CARTESIAN_POINT('',(-11.837065009074,3.1390909465902,11.));
#1635=DIRECTION('',(-0.92034513252935,-0.39110719378391,0.));
#1636=VECTOR('',#1635,0.31955253267376);
#1637=LINE('',#1634,#1636);
#1638=EDGE_CURVE('',#1627,#1254,#1637,.T.);
#1639=ORIENTED_EDGE('E288',*,*,#1638,.T.);
#1640=ORIENTED_EDGE('E288',*,*,#1266,.F.);
#1641=ORIENTED_EDGE('E288',*,*,#1283,.F.);
#1642=CARTESIAN_POINT('',(-15.666131730192,-3.2515098973054,11.));
#1643=DIRECTION('',(0.55393452457964,0.83256023354393,0.));
#1644=VECTOR('',#1643,0.28462722678593);
#1645=LINE('',#1642,#1644);
#1646=EDGE_CURVE('',#906,#1278,#1645,.T.);
#1647=ORIENTED_EDGE('E245',*,*,#1646,.F.);
#1648=ORIENTED_EDGE('E245',*,*,#912,.T.);
#1649=ORIENTED_EDGE('E245',*,*,#141,.F.);
#1650=ORIENTED_EDGE('E245',*,*,#1022,.T.);
#1651=CARTESIAN_POINT('',(-10.648956036819,-11.941513108727,11.));
#1652=DIRECTION('',(0.99798557471957,0.063441253547298,0.));
#1653=VECTOR('',#1652,0.28462722678592);
#1654=LINE('',#1651,#1653);
#1655=EDGE_CURVE('',#1010,#1326,#1654,.T.);
#1656=ORIENTED_EDGE('E269',*,*,#1655,.T.);
#1657=ORIENTED_EDGE('E269',*,*,#1337,.F.);
#1658=ORIENTED_EDGE('E269',*,*,#1355,.F.);
#1659=CARTESIAN_POINT('',(-3.2,-11.820744477401,11.));
#1660=VERTEX_POINT('',#1659);
#1661=CARTESIAN_POINT('',(-3.4552845528455,-12.012951704676,11.));
#1662=DIRECTION('',(0.79888133168439,0.60148866812781,-5.5588883134085E-15));
#1663=VECTOR('',#1662,0.31955253267376);
#1664=LINE('',#1661,#1663);
#1665=EDGE_CURVE('',#1349,#1660,#1664,.T.);
#1666=ORIENTED_EDGE('E289',*,*,#1665,.T.);
#1667=CARTESIAN_POINT('',(-3.2,-10.1,11.));
#1668=DIRECTION('',(-5.1615938994136E-16,-1.,1.0323187798827E-15));
#1669=VECTOR('',#1668,1.7207444774007);
#1670=LINE('',#1667,#1669);
#1671=EDGE_CURVE('',#345,#1660,#1670,.T.);
#1672=ORIENTED_EDGE('E139',*,*,#1671,.F.);
#1673=ORIENTED_EDGE('E139',*,*,#358,.F.);
#1674=CARTESIAN_POINT('',(3.2,-11.820744477401,11.));
#1675=VERTEX_POINT('',#1674);
#1676=CARTESIAN_POINT('',(3.2,-11.820744477401,11.));
#1677=DIRECTION('',(0.,1.,0.));
#1678=VECTOR('',#1677,1.7207444774007);
#1679=LINE('',#1676,#1678);
#1680=EDGE_CURVE('',#1675,#353,#1679,.T.);
#1681=ORIENTED_EDGE('E137',*,*,#1680,.F.);
#1682=CARTESIAN_POINT('',(3.2,-11.820744477401,11.));
#1683=DIRECTION('',(0.79888133168438,-0.60148866812782,0.));
#1684=VECTOR('',#1683,0.31955253267376);
#1685=LINE('',#1682,#1684);
#1686=EDGE_CURVE('',#1675,#1395,#1685,.T.);
#1687=ORIENTED_EDGE('E290',*,*,#1686,.T.);
#1688=ORIENTED_EDGE('E290',*,*,#1407,.F.);
#1689=ORIENTED_EDGE('E290',*,*,#1424,.F.);
#1690=CARTESIAN_POINT('',(10.648956036819,-11.941513108727,11.));
#1691=DIRECTION('',(-0.99798557471957,0.063441253547284,0.));
#1692=VECTOR('',#1691,0.28462722678593);
#1693=LINE('',#1690,#1692);
#1694=EDGE_CURVE('',#972,#1419,#1693,.T.);
#1695=ORIENTED_EDGE('E274',*,*,#1694,.F.);
#1696=ORIENTED_EDGE('E274',*,*,#978,.T.);
#1697=ORIENTED_EDGE('E274',*,*,#207,.F.);
#1698=ORIENTED_EDGE('E274',*,*,#1083,.F.);
#1699=CARTESIAN_POINT('',(15.666131730192,-3.2515098973054,11.));
#1700=DIRECTION('',(-0.55393452457967,0.83256023354391,0.));
#1701=VECTOR('',#1700,0.28462722678593);
#1702=LINE('',#1699,#1701);
#1703=EDGE_CURVE('',#1071,#1467,#1702,.T.);
#1704=ORIENTED_EDGE('E263',*,*,#1703,.T.);
#1705=ORIENTED_EDGE('E263',*,*,#1478,.F.);
#1706=ORIENTED_EDGE('E263',*,*,#1491,.F.);
#1707=CARTESIAN_POINT('',(11.837065009074,3.1390909465902,11.));
#1708=VERTEX_POINT('',#1707);
#1709=CARTESIAN_POINT('',(12.131163627107,3.0141116522696,11.));
#1710=DIRECTION('',(-0.92034513252935,0.39110719378392,-5.5588883134086E-15));
#1711=VECTOR('',#1710,0.31955253267375);
#1712=LINE('',#1709,#1711);
#1713=EDGE_CURVE('',#1485,#1708,#1712,.T.);
#1714=ORIENTED_EDGE('E291',*,*,#1713,.T.);
#1715=CARTESIAN_POINT('',(10.346856578223,2.2787187078898,11.));
#1716=DIRECTION('',(0.86602540378444,0.5,0.));
#1717=VECTOR('',#1716,1.7207444774007);
#1718=LINE('',#1715,#1717);
#1719=EDGE_CURVE('',#396,#1708,#1718,.T.);
#1720=ORIENTED_EDGE('E114',*,*,#1719,.F.);
#1721=ORIENTED_EDGE('E114',*,*,#409,.F.);
#1722=CARTESIAN_POINT('',(8.6370650090736,8.6816535308106,11.));
#1723=VERTEX_POINT('',#1722);
#1724=CARTESIAN_POINT('',(8.6370650090736,8.6816535308106,11.));
#1725=DIRECTION('',(-0.86602540378444,-0.5,0.));
#1726=VECTOR('',#1725,1.7207444774007);
#1727=LINE('',#1724,#1726);
#1728=EDGE_CURVE('',#1723,#404,#1727,.T.);
#1729=ORIENTED_EDGE('E115',*,*,#1728,.F.);
#1730=CARTESIAN_POINT('',(8.6370650090737,8.6816535308106,11.));
#1731=DIRECTION('',(0.12146380084497,0.99259586191173,0.));
#1732=VECTOR('',#1731,0.31955253267375);
#1733=LINE('',#1730,#1732);
#1734=EDGE_CURVE('',#1723,#1186,#1733,.T.);
#1735=ORIENTED_EDGE('E292',*,*,#1734,.T.);
#1736=ORIENTED_EDGE('E292',*,*,#1198,.F.);
#1737=ORIENTED_EDGE('E292',*,*,#1215,.F.);
#1738=CARTESIAN_POINT('',(5.0171756933729,15.193023006032,11.));
#1739=DIRECTION('',(0.44405105013991,-0.8960014870912,0.));
#1740=VECTOR('',#1739,0.28462722678593);
#1741=LINE('',#1738,#1740);
#1742=EDGE_CURVE('',#1034,#1210,#1741,.T.);
#1743=ORIENTED_EDGE('E258',*,*,#1742,.F.);
#1744=ORIENTED_EDGE('E258',*,*,#1040,.F.);
#1745=EDGE_LOOP('',(#1601,#1602,#1608,#1609,#1610,#1618,#1624,#1625,#1633,#1639,#1640,#1641,#1647,#1648,#1649,#1650,#1656,#1657,#1658,#1666,#1672,#1673,#1681,#1687,#1688,#1689,#1695,#1696,#1697,#1698,#1704,#1705,#1706,#1714,#1720,#1721,#1729,#1735,#1736,#1737,#1743,#1744));
#1746=FACE_OUTER_BOUND('',#1745,.T.);
#1747=ORIENTED_EDGE('',*,*,#553,.F.);
#1748=EDGE_LOOP('',(#1747));
#1749=FACE_BOUND('',#1748,.T.);
#1750=ADVANCED_FACE('F48',(#1746,#1749),#1600,.T.);
#1751=CARTESIAN_POINT('',(-0.092313613392962,1.7040487418732,0.));
#1752=DIRECTION('',(1.,0.,0.));
#1753=DIRECTION('',(0.,-0.,1.));
#1754=AXIS2_PLACEMENT_3D('',#1751,#1753,#1752);
#1755=PLANE('',#1754);
#1756=ORIENTED_EDGE('',*,*,#927,.F.);
#1757=ORIENTED_EDGE('',*,*,#119,.T.);
#1758=ORIENTED_EDGE('',*,*,#1007,.F.);
#1759=CARTESIAN_POINT('',(-10.648956036819,-11.941513108727,1.7763568394003E-15));
#1760=DIRECTION('',(0.99798557471957,0.063441253547298,-6.2409940871057E-15));
#1761=VECTOR('',#1760,0.28462722678592);
#1762=LINE('',#1759,#1761);
#1763=EDGE_CURVE('',#1001,#1318,#1762,.T.);
#1764=ORIENTED_EDGE('E284',*,*,#1763,.T.);
#1765=ORIENTED_EDGE('E284',*,*,#1323,.T.);
#1766=ORIENTED_EDGE('E284',*,*,#1370,.T.);
#1767=CARTESIAN_POINT('',(-3.2,-11.820744477401,0.));
#1768=VERTEX_POINT('',#1767);
#1769=CARTESIAN_POINT('',(-3.4552845528455,-12.012951704676,0.));
#1770=DIRECTION('',(0.79888133168438,0.60148866812783,0.));
#1771=VECTOR('',#1770,0.31955253267376);
#1772=LINE('',#1769,#1771);
#1773=EDGE_CURVE('',#1358,#1768,#1772,.T.);
#1774=ORIENTED_EDGE('E285',*,*,#1773,.T.);
#1775=CARTESIAN_POINT('',(-3.2000000150635,-10.83743511125,0.));
#1776=VERTEX_POINT('',#1775);
#1777=CARTESIAN_POINT('',(-3.2,-11.820744477401,0.));
#1778=DIRECTION('',(4.5162715294952E-16,1.,0.));
#1779=VECTOR('',#1778,0.98330936691864);
#1780=LINE('',#1777,#1779);
#1781=EDGE_CURVE('',#1768,#1776,#1780,.T.);
#1782=ORIENTED_EDGE('E134',*,*,#1781,.T.);
#1783=CARTESIAN_POINT('',(-10.985494123568,2.6474362665438,0.));
#1784=VERTEX_POINT('',#1783);
#1785=CARTESIAN_POINT('',(2.6645352591004E-15,1.7763568394003E-15,0.));
#1786=DIRECTION('',(-0.28318584337406,-0.95906505416083,0.));
#1787=DIRECTION('',(0.,0.,-1.));
#1788=AXIS2_PLACEMENT_3D('',#1785,#1787,#1786);
#1789=CIRCLE('',#1788,11.3);
#1790=EDGE_CURVE('',#1776,#1784,#1789,.T.);
#1791=ORIENTED_EDGE('E243',*,*,#1790,.T.);
#1792=CARTESIAN_POINT('',(-11.837065009074,3.1390909465902,0.));
#1793=VERTEX_POINT('',#1792);
#1794=CARTESIAN_POINT('',(-10.985494120532,2.6474362648564,0.));
#1795=DIRECTION('',(-0.86602540378444,0.5,0.));
#1796=VECTOR('',#1795,0.98330936346757);
#1797=LINE('',#1794,#1796);
#1798=EDGE_CURVE('',#1784,#1793,#1797,.T.);
#1799=ORIENTED_EDGE('E121',*,*,#1798,.T.);
#1800=CARTESIAN_POINT('',(-11.837065009074,3.1390909465902,0.));
#1801=DIRECTION('',(-0.92034513252935,-0.39110719378391,0.));
#1802=VECTOR('',#1801,0.31955253267376);
#1803=LINE('',#1800,#1802);
#1804=EDGE_CURVE('',#1793,#1245,#1803,.T.);
#1805=ORIENTED_EDGE('E286',*,*,#1804,.T.);
#1806=ORIENTED_EDGE('E286',*,*,#1251,.T.);
#1807=ORIENTED_EDGE('E286',*,*,#1297,.T.);
#1808=CARTESIAN_POINT('',(-15.666131730192,-3.2515098973054,8.8817841970013E-16));
#1809=DIRECTION('',(0.55393452457967,0.83256023354391,-3.1204970435529E-15));
#1810=VECTOR('',#1809,0.28462722678592);
#1811=LINE('',#1808,#1810);
#1812=EDGE_CURVE('',#915,#1286,#1811,.T.);
#1813=ORIENTED_EDGE('E283',*,*,#1812,.F.);
#1814=EDGE_LOOP('',(#1756,#1757,#1758,#1764,#1765,#1766,#1774,#1782,#1791,#1799,#1805,#1806,#1807,#1813));
#1815=FACE_OUTER_BOUND('',#1814,.F.);
#1816=ADVANCED_FACE('F214',(#1815),#1755,.F.);
#1817=CARTESIAN_POINT('',(0.050000000000003,1.8892202483473,0.));
#1818=DIRECTION('',(1.,-5.6370681034604E-17,0.));
#1819=DIRECTION('',(-0.,-0.,1.));
#1820=AXIS2_PLACEMENT_3D('',#1817,#1819,#1818);
#1821=PLANE('',#1820);
#1822=ORIENTED_EDGE('',*,*,#993,.F.);
#1823=ORIENTED_EDGE('',*,*,#185,.T.);
#1824=ORIENTED_EDGE('',*,*,#1068,.T.);
#1825=CARTESIAN_POINT('',(15.666131730192,-3.2515098973054,0.));
#1826=DIRECTION('',(-0.55393452457967,0.83256023354391,0.));
#1827=VECTOR('',#1826,0.28462722678593);
#1828=LINE('',#1825,#1827);
#1829=EDGE_CURVE('',#1062,#1459,#1828,.T.);
#1830=ORIENTED_EDGE('E264',*,*,#1829,.T.);
#1831=ORIENTED_EDGE('E264',*,*,#1464,.T.);
#1832=ORIENTED_EDGE('E264',*,*,#1506,.T.);
#1833=CARTESIAN_POINT('',(11.837065009074,3.1390909465902,5.5900363072256E-16));
#1834=VERTEX_POINT('',#1833);
#1835=CARTESIAN_POINT('',(11.837065009074,3.1390909465902,1.1102230246252E-15));
#1836=DIRECTION('',(0.92034513252936,-0.3911071937839,-3.4743051958803E-15));
#1837=VECTOR('',#1836,0.31955253267376);
#1838=LINE('',#1835,#1837);
#1839=EDGE_CURVE('',#1834,#1494,#1838,.T.);
#1840=ORIENTED_EDGE('E296',*,*,#1839,.F.);
#1841=CARTESIAN_POINT('',(10.98549412529,2.6474362736825,0.));
#1842=VERTEX_POINT('',#1841);
#1843=CARTESIAN_POINT('',(11.837065009074,3.1390909465902,0.));
#1844=DIRECTION('',(-0.86602540378444,-0.5,0.));
#1845=VECTOR('',#1844,0.98330935648766);
#1846=LINE('',#1843,#1845);
#1847=EDGE_CURVE('',#1834,#1842,#1846,.T.);
#1848=ORIENTED_EDGE('E110',*,*,#1847,.T.);
#1849=CARTESIAN_POINT('',(3.2000000007257,-10.837435120406,0.));
#1850=VERTEX_POINT('',#1849);
#1851=CARTESIAN_POINT('',(1.7763568394003E-15,-3.5527136788005E-15,0.));
#1852=DIRECTION('',(0.2831858408364,-0.95906505491014,0.));
#1853=DIRECTION('',(0.,-0.,1.));
#1854=AXIS2_PLACEMENT_3D('',#1851,#1853,#1852);
#1855=CIRCLE('',#1854,11.3);
#1856=EDGE_CURVE('',#1850,#1842,#1855,.T.);
#1857=ORIENTED_EDGE('E227',*,*,#1856,.F.);
#1858=CARTESIAN_POINT('',(3.2,-11.820744477401,-4.5846152212733E-16));
#1859=VERTEX_POINT('',#1858);
#1860=CARTESIAN_POINT('',(3.2,-10.837435120328,0.));
#1861=DIRECTION('',(-4.5162715747156E-16,-1.,0.));
#1862=VECTOR('',#1861,0.983309357073);
#1863=LINE('',#1860,#1862);
#1864=EDGE_CURVE('',#1850,#1859,#1863,.T.);
#1865=ORIENTED_EDGE('E133',*,*,#1864,.T.);
#1866=CARTESIAN_POINT('',(3.2,-11.820744477401,-8.8817841970013E-16));
#1867=DIRECTION('',(0.79888133168438,-0.60148866812783,2.7794441567042E-15));
#1868=VECTOR('',#1867,0.31955253267376);
#1869=LINE('',#1866,#1868);
#1870=EDGE_CURVE('',#1859,#1386,#1869,.T.);
#1871=ORIENTED_EDGE('E297',*,*,#1870,.T.);
#1872=ORIENTED_EDGE('E297',*,*,#1392,.T.);
#1873=ORIENTED_EDGE('E297',*,*,#1438,.T.);
#1874=CARTESIAN_POINT('',(10.364902170314,-11.923456000666,4.4408920985006E-16));
#1875=DIRECTION('',(0.99798557471957,-0.063441253547296,-1.5602485217764E-15));
#1876=VECTOR('',#1875,0.28462722678593);
#1877=LINE('',#1874,#1876);
#1878=EDGE_CURVE('',#1427,#981,#1877,.T.);
#1879=ORIENTED_EDGE('E298',*,*,#1878,.T.);
#1880=EDGE_LOOP('',(#1822,#1823,#1824,#1830,#1831,#1832,#1840,#1848,#1857,#1865,#1871,#1872,#1873,#1879));
#1881=FACE_OUTER_BOUND('',#1880,.F.);
#1882=ADVANCED_FACE('F215',(#1881),#1821,.F.);
#1883=CARTESIAN_POINT('',(0.050000000000001,1.8892202483473,0.));
#1884=DIRECTION('',(1.,0.,0.));
#1885=DIRECTION('',(0.,-0.,1.));
#1886=AXIS2_PLACEMENT_3D('',#1883,#1885,#1884);
#1887=PLANE('',#1886);
#1888=ORIENTED_EDGE('',*,*,#53,.T.);
#1889=ORIENTED_EDGE('',*,*,#946,.F.);
#1890=CARTESIAN_POINT('',(-5.0171756933729,15.193023006032,8.8817841970013E-16));
#1891=DIRECTION('',(-0.4440510501399,-0.89600148709121,-3.1204970435528E-15));
#1892=VECTOR('',#1891,0.28462722678593);
#1893=LINE('',#1890,#1892);
#1894=EDGE_CURVE('',#940,#1104,#1893,.T.);
#1895=ORIENTED_EDGE('E293',*,*,#1894,.T.);
#1896=ORIENTED_EDGE('E293',*,*,#1109,.T.);
#1897=ORIENTED_EDGE('E293',*,*,#1156,.T.);
#1898=CARTESIAN_POINT('',(-8.6370650090736,8.6816535308106,0.));
#1899=VERTEX_POINT('',#1898);
#1900=CARTESIAN_POINT('',(-8.6758790742618,8.998840052406,-1.1102230246252E-16));
#1901=DIRECTION('',(0.12146380084497,-0.99259586191173,3.4743051958803E-16));
#1902=VECTOR('',#1901,0.31955253267376);
#1903=LINE('',#1900,#1902);
#1904=EDGE_CURVE('',#1144,#1899,#1903,.T.);
#1905=ORIENTED_EDGE('E294',*,*,#1904,.T.);
#1906=CARTESIAN_POINT('',(-7.7854941281292,8.1899988502041,0.));
#1907=VERTEX_POINT('',#1906);
#1908=CARTESIAN_POINT('',(-8.6370650090736,8.6816535308106,0.));
#1909=DIRECTION('',(0.86602540378444,-0.5,0.));
#1910=VECTOR('',#1909,0.98330935782762);
#1911=LINE('',#1908,#1910);
#1912=EDGE_CURVE('',#1899,#1907,#1911,.T.);
#1913=ORIENTED_EDGE('E122',*,*,#1912,.T.);
#1914=CARTESIAN_POINT('',(7.7854941281292,8.1899988502041,0.));
#1915=VERTEX_POINT('',#1914);
#1916=CARTESIAN_POINT('',(3.9405397963267E-15,3.5527136788005E-15,0.));
#1917=DIRECTION('',(-0.68898178149049,0.7247786591603,0.));
#1918=DIRECTION('',(0.,0.,-1.));
#1919=AXIS2_PLACEMENT_3D('',#1916,#1918,#1917);
#1920=CIRCLE('',#1919,11.3);
#1921=EDGE_CURVE('',#1907,#1915,#1920,.T.);
#1922=ORIENTED_EDGE('E241',*,*,#1921,.T.);
#1923=CARTESIAN_POINT('',(8.6370650090736,8.6816535308106,-6.8033424492001E-18));
#1924=VERTEX_POINT('',#1923);
#1925=CARTESIAN_POINT('',(7.785494125416,8.1899988518968,0.));
#1926=DIRECTION('',(0.86602540378444,0.5,0.));
#1927=VECTOR('',#1926,0.9833093578276);
#1928=LINE('',#1925,#1927);
#1929=EDGE_CURVE('',#1915,#1924,#1928,.T.);
#1930=ORIENTED_EDGE('E111',*,*,#1929,.T.);
#1931=CARTESIAN_POINT('',(8.6370650090736,8.6816535308106,0.));
#1932=DIRECTION('',(0.12146380084497,0.99259586191173,2.7794441567043E-15));
#1933=VECTOR('',#1932,0.31955253267376);
#1934=LINE('',#1931,#1933);
#1935=EDGE_CURVE('',#1924,#1177,#1934,.T.);
#1936=ORIENTED_EDGE('E295',*,*,#1935,.T.);
#1937=ORIENTED_EDGE('E295',*,*,#1183,.T.);
#1938=ORIENTED_EDGE('E295',*,*,#1229,.T.);
#1939=CARTESIAN_POINT('',(5.0171756933729,15.193023006032,-1.1541244258959E-15));
#1940=DIRECTION('',(0.44405105013991,-0.8960014870912,-3.3563174250031E-15));
#1941=VECTOR('',#1940,0.28462722678593);
#1942=LINE('',#1939,#1941);
#1943=EDGE_CURVE('',#1043,#1218,#1942,.T.);
#1944=ORIENTED_EDGE('E257',*,*,#1943,.F.);
#1945=ORIENTED_EDGE('E257',*,*,#1055,.T.);
#1946=EDGE_LOOP('',(#1888,#1889,#1895,#1896,#1897,#1905,#1913,#1922,#1930,#1936,#1937,#1938,#1944,#1945));
#1947=FACE_OUTER_BOUND('',#1946,.F.);
#1948=ADVANCED_FACE('F216',(#1947),#1887,.F.);
#1949=CARTESIAN_POINT('',(-11.043970895253,10.07128129211,5.5));
#1950=DIRECTION('',(-0.86602540378444,0.5,0.));
#1951=DIRECTION('',(0.5,0.86602540378444,3.4160708450005E-17));
#1952=AXIS2_PLACEMENT_3D('',#1949,#1951,#1950);
#1953=PLANE('',#1952);
#1954=ORIENTED_EDGE('',*,*,#299,.F.);
#1955=ORIENTED_EDGE('',*,*,#818,.F.);
#1956=ORIENTED_EDGE('',*,*,#790,.F.);
#1957=CARTESIAN_POINT('',(-7.7854941281292,8.1899988502041,0.));
#1958=CARTESIAN_POINT('',(-7.7403261623062,8.1639211129774,0.050020492980161));
#1959=CARTESIAN_POINT('',(-7.6499565132529,8.1117461750291,0.15002088597452));
#1960=CARTESIAN_POINT('',(-7.604754206387,8.0856486109921,0.2));
#1961=B_SPLINE_CURVE_WITH_KNOTS('',3,(#1957,#1958,#1959,#1960),.UNSPECIFIED.,.F.,.U.,(4,4),(0.,1.),.UNSPECIFIED.);
#1962=EDGE_CURVE('',#1907,#778,#1961,.T.);
#1963=ORIENTED_EDGE('E279',*,*,#1962,.F.);
#1964=ORIENTED_EDGE('E279',*,*,#1912,.F.);
#1965=CARTESIAN_POINT('',(-8.6370650090736,8.6816535308106,-2.2204460492503E-16));
#1966=DIRECTION('',(0.,0.,1.));
#1967=VECTOR('',#1966,11.);
#1968=LINE('',#1965,#1967);
#1969=EDGE_CURVE('',#1899,#1612,#1968,.T.);
#1970=ORIENTED_EDGE('E253',*,*,#1969,.T.);
#1971=ORIENTED_EDGE('E253',*,*,#1623,.F.);
#1972=EDGE_LOOP('',(#1954,#1955,#1956,#1963,#1964,#1970,#1971));
#1973=FACE_OUTER_BOUND('',#1972,.F.);
#1974=ADVANCED_FACE('F223',(#1973),#1953,.F.);
#1975=CARTESIAN_POINT('',(11.043970895253,10.07128129211,5.5));
#1976=DIRECTION('',(-0.86602540378444,-0.5,0.));
#1977=DIRECTION('',(-0.5,0.86602540378444,1.1833616531591E-16));
#1978=AXIS2_PLACEMENT_3D('',#1975,#1977,#1976);
#1979=PLANE('',#1978);
#1980=ORIENTED_EDGE('',*,*,#417,.T.);
#1981=ORIENTED_EDGE('',*,*,#1728,.F.);
#1982=CARTESIAN_POINT('',(8.6370650090736,8.6816535308106,11.));
#1983=DIRECTION('',(-1.6148698540002E-16,1.6148698540002E-16,-1.));
#1984=VECTOR('',#1983,11.);
#1985=LINE('',#1982,#1984);
#1986=EDGE_CURVE('',#1723,#1924,#1985,.T.);
#1987=ORIENTED_EDGE('E255',*,*,#1986,.T.);
#1988=ORIENTED_EDGE('E255',*,*,#1929,.F.);
#1989=CARTESIAN_POINT('',(7.7854941281292,8.1899988502041,0.));
#1990=CARTESIAN_POINT('',(7.7403261623062,8.1639211129774,0.050020492980163));
#1991=CARTESIAN_POINT('',(7.6499565132529,8.1117461750291,0.15002088597452));
#1992=CARTESIAN_POINT('',(7.604754206387,8.0856486109921,0.2));
#1993=B_SPLINE_CURVE_WITH_KNOTS('',3,(#1989,#1990,#1991,#1992),.UNSPECIFIED.,.F.,.U.,(4,4),(0.,1.),.UNSPECIFIED.);
#1994=EDGE_CURVE('',#1915,#770,#1993,.T.);
#1995=ORIENTED_EDGE('E280',*,*,#1994,.T.);
#1996=ORIENTED_EDGE('E280',*,*,#775,.F.);
#1997=ORIENTED_EDGE('E280',*,*,#811,.F.);
#1998=EDGE_LOOP('',(#1980,#1981,#1987,#1988,#1995,#1996,#1997));
#1999=FACE_OUTER_BOUND('',#1998,.F.);
#2000=ADVANCED_FACE('F224',(#1999),#1979,.F.);
#2001=CARTESIAN_POINT('',(-14.243970895253,4.5287187078898,5.5));
#2002=DIRECTION('',(0.86602540378444,-0.5,3.7007434154172E-17));
#2003=DIRECTION('',(-0.5,-0.86602540378444,0.));
#2004=AXIS2_PLACEMENT_3D('',#2001,#2003,#2002);
#2005=PLANE('',#2004);
#2006=ORIENTED_EDGE('',*,*,#315,.T.);
#2007=ORIENTED_EDGE('',*,*,#1632,.F.);
#2008=CARTESIAN_POINT('',(-11.837065009074,3.1390909465902,11.));
#2009=DIRECTION('',(0.,0.,-1.));
#2010=VECTOR('',#2009,11.);
#2011=LINE('',#2008,#2010);
#2012=EDGE_CURVE('',#1627,#1793,#2011,.T.);
#2013=ORIENTED_EDGE('E248',*,*,#2012,.T.);
#2014=ORIENTED_EDGE('E248',*,*,#1798,.F.);
#2015=CARTESIAN_POINT('',(-10.985494123568,2.6474362665438,5.5511151231258E-16));
#2016=CARTESIAN_POINT('',(-10.940326158155,2.6213585295542,0.050020492517529));
#2017=CARTESIAN_POINT('',(-10.849956512839,2.5691835905695,0.15002088643269));
#2018=CARTESIAN_POINT('',(-10.804754206387,2.5430860267717,0.2));
#2019=B_SPLINE_CURVE_WITH_KNOTS('',3,(#2015,#2016,#2017,#2018),.UNSPECIFIED.,.F.,.U.,(4,4),(0.,1.),.UNSPECIFIED.);
#2020=EDGE_CURVE('',#1784,#691,#2019,.T.);
#2021=ORIENTED_EDGE('E282',*,*,#2020,.T.);
#2022=ORIENTED_EDGE('E282',*,*,#696,.F.);
#2023=ORIENTED_EDGE('E282',*,*,#825,.F.);
#2024=EDGE_LOOP('',(#2006,#2007,#2013,#2014,#2021,#2022,#2023));
#2025=FACE_OUTER_BOUND('',#2024,.F.);
#2026=ADVANCED_FACE('F226',(#2025),#2005,.F.);
#2027=CARTESIAN_POINT('',(-3.2,-14.6,5.5));
#2028=DIRECTION('',(-1.9737298215558E-16,-1.,0.));
#2029=DIRECTION('',(-1.,1.9737298215558E-16,6.832141690001E-17));
#2030=AXIS2_PLACEMENT_3D('',#2027,#2029,#2028);
#2031=PLANE('',#2030);
#2032=ORIENTED_EDGE('',*,*,#350,.F.);
#2033=ORIENTED_EDGE('',*,*,#832,.F.);
#2034=ORIENTED_EDGE('',*,*,#711,.F.);
#2035=CARTESIAN_POINT('',(-3.2000000150635,-10.83743511125,0.));
#2036=CARTESIAN_POINT('',(-3.2000000150635,-10.785279638052,0.050020491727031));
#2037=CARTESIAN_POINT('',(-3.2,-10.680929764557,0.15002088720124));
#2038=CARTESIAN_POINT('',(-3.2,-10.628734637764,0.2));
#2039=B_SPLINE_CURVE_WITH_KNOTS('',3,(#2035,#2036,#2037,#2038),.UNSPECIFIED.,.F.,.U.,(4,4),(0.,1.),.UNSPECIFIED.);
#2040=EDGE_CURVE('',#1776,#699,#2039,.T.);
#2041=ORIENTED_EDGE('E281',*,*,#2040,.F.);
#2042=ORIENTED_EDGE('E281',*,*,#1781,.F.);
#2043=CARTESIAN_POINT('',(-3.2,-11.820744477401,3.3306690738755E-16));
#2044=DIRECTION('',(8.0743492700011E-17,0.,1.));
#2045=VECTOR('',#2044,11.);
#2046=LINE('',#2043,#2045);
#2047=EDGE_CURVE('',#1768,#1660,#2046,.T.);
#2048=ORIENTED_EDGE('E267',*,*,#2047,.T.);
#2049=ORIENTED_EDGE('E267',*,*,#1671,.F.);
#2050=EDGE_LOOP('',(#2032,#2033,#2034,#2041,#2042,#2048,#2049));
#2051=FACE_OUTER_BOUND('',#2050,.F.);
#2052=ADVANCED_FACE('F227',(#2051),#2031,.F.);
#2053=CARTESIAN_POINT('',(3.2,-14.6,5.5));
#2054=DIRECTION('',(9.8686491077792E-17,1.,0.));
#2055=DIRECTION('',(1.,-9.8686491077792E-17,6.832141690001E-17));
#2056=AXIS2_PLACEMENT_3D('',#2053,#2055,#2054);
#2057=PLANE('',#2056);
#2058=ORIENTED_EDGE('',*,*,#366,.T.);
#2059=ORIENTED_EDGE('',*,*,#1680,.F.);
#2060=CARTESIAN_POINT('',(3.2,-11.820744477401,11.));
#2061=DIRECTION('',(8.0743492700011E-17,0.,-1.));
#2062=VECTOR('',#2061,11.);
#2063=LINE('',#2060,#2062);
#2064=EDGE_CURVE('',#1675,#1859,#2063,.T.);
#2065=ORIENTED_EDGE('E272',*,*,#2064,.T.);
#2066=ORIENTED_EDGE('E272',*,*,#1864,.F.);
#2067=CARTESIAN_POINT('',(3.2000000007257,-10.837435120406,2.2204460492503E-16));
#2068=CARTESIAN_POINT('',(3.2000000007257,-10.785279646035,0.050020492891368));
#2069=CARTESIAN_POINT('',(3.2,-10.68092976575,0.15002088605821));
#2070=CARTESIAN_POINT('',(3.2,-10.628734637764,0.2));
#2071=B_SPLINE_CURVE_WITH_KNOTS('',3,(#2067,#2068,#2069,#2070),.UNSPECIFIED.,.F.,.U.,(4,4),(0.,1.),.UNSPECIFIED.);
#2072=EDGE_CURVE('',#1850,#724,#2071,.T.);
#2073=ORIENTED_EDGE('E277',*,*,#2072,.T.);
#2074=ORIENTED_EDGE('E277',*,*,#729,.F.);
#2075=ORIENTED_EDGE('E277',*,*,#839,.F.);
#2076=EDGE_LOOP('',(#2058,#2059,#2065,#2066,#2073,#2074,#2075));
#2077=FACE_OUTER_BOUND('',#2076,.F.);
#2078=ADVANCED_FACE('F229',(#2077),#2057,.F.);
#2079=CARTESIAN_POINT('',(14.243970895253,4.5287187078898,5.5));
#2080=DIRECTION('',(0.86602540378444,0.5,0.));
#2081=DIRECTION('',(0.5,-0.86602540378444,5.9168082657956E-17));
#2082=AXIS2_PLACEMENT_3D('',#2079,#2081,#2080);
#2083=PLANE('',#2082);
#2084=ORIENTED_EDGE('',*,*,#401,.F.);
#2085=ORIENTED_EDGE('',*,*,#804,.F.);
#2086=ORIENTED_EDGE('',*,*,#746,.F.);
#2087=CARTESIAN_POINT('',(10.98549412529,2.6474362736825,-2.2204460492503E-16));
#2088=CARTESIAN_POINT('',(10.940326159313,2.6213585363668,0.050020493157408));
#2089=CARTESIAN_POINT('',(10.84995651341,2.5691835908994,0.15002088580088));
#2090=CARTESIAN_POINT('',(10.804754206387,2.5430860267717,0.2));
#2091=B_SPLINE_CURVE_WITH_KNOTS('',3,(#2087,#2088,#2089,#2090),.UNSPECIFIED.,.F.,.U.,(4,4),(0.,1.),.UNSPECIFIED.);
#2092=EDGE_CURVE('',#1842,#732,#2091,.T.);
#2093=ORIENTED_EDGE('E278',*,*,#2092,.F.);
#2094=ORIENTED_EDGE('E278',*,*,#1847,.F.);
#2095=CARTESIAN_POINT('',(11.837065009074,3.1390909465902,1.4432899320127E-15));
#2096=DIRECTION('',(-1.6148698540002E-16,8.0743492700011E-17,1.));
#2097=VECTOR('',#2096,11.);
#2098=LINE('',#2095,#2097);
#2099=EDGE_CURVE('',#1834,#1708,#2098,.T.);
#2100=ORIENTED_EDGE('E261',*,*,#2099,.T.);
#2101=ORIENTED_EDGE('E261',*,*,#1719,.F.);
#2102=EDGE_LOOP('',(#2084,#2085,#2086,#2093,#2094,#2100,#2101));
#2103=FACE_OUTER_BOUND('',#2102,.F.);
#2104=ADVANCED_FACE('F230',(#2103),#2083,.F.);
#2105=CARTESIAN_POINT('',(-2.0428103653103E-14,4.6185277824407E-14,0.2));
#2106=DIRECTION('',(-0.72291915715803,0.69093262494539,0.));
#2107=DIRECTION('',(-0.,-0.,-1.));
#2108=AXIS2_PLACEMENT_3D('',#2105,#2107,#2106);
#2109=CONICAL_SURFACE('',#2108,11.1,0.78539816339744);
#2110=ORIENTED_EDGE('',*,*,#1921,.F.);
#2111=ORIENTED_EDGE('',*,*,#1962,.T.);
#2112=ORIENTED_EDGE('',*,*,#784,.T.);
#2113=ORIENTED_EDGE('',*,*,#1994,.F.);
#2114=EDGE_LOOP('',(#2110,#2111,#2112,#2113));
#2115=FACE_OUTER_BOUND('',#2114,.F.);
#2116=ADVANCED_FACE('F312',(#2115),#2109,.F.);
#2117=CARTESIAN_POINT('',(-5.0803702028492,15.065509796799,5.));
#2118=DIRECTION('',(-0.44405105013991,-0.8960014870912,0.));
#2119=DIRECTION('',(0.8960014870912,-0.44405105013991,0.));
#2120=AXIS2_PLACEMENT_3D('',#2117,#2119,#2118);
#2121=PLANE('',#2120);
#2122=ORIENTED_EDGE('',*,*,#1607,.T.);
#2123=ORIENTED_EDGE('',*,*,#1117,.T.);
#2124=ORIENTED_EDGE('',*,*,#1894,.F.);
#2125=ORIENTED_EDGE('',*,*,#954,.F.);
#2126=EDGE_LOOP('',(#2122,#2123,#2124,#2125));
#2127=FACE_OUTER_BOUND('',#2126,.F.);
#2128=ADVANCED_FACE('F313',(#2127),#2121,.F.);
#2129=CARTESIAN_POINT('',(-8.6564720416677,8.8402467916083,5.5));
#2130=DIRECTION('',(-0.12146380084497,0.99259586191173,1.3897220783521E-15));
#2131=DIRECTION('',(0.99259586191173,0.12146380084497,-0.));
#2132=AXIS2_PLACEMENT_3D('',#2129,#2131,#2130);
#2133=PLANE('',#2132);
#2134=ORIENTED_EDGE('',*,*,#1969,.F.);
#2135=ORIENTED_EDGE('',*,*,#1904,.F.);
#2136=ORIENTED_EDGE('',*,*,#1149,.T.);
#2137=ORIENTED_EDGE('',*,*,#1617,.T.);
#2138=EDGE_LOOP('',(#2134,#2135,#2136,#2137));
#2139=FACE_OUTER_BOUND('',#2138,.F.);
#2140=ADVANCED_FACE('F314',(#2139),#2133,.F.);
#2141=CARTESIAN_POINT('',(8.6564720416677,8.8402467916082,5.5));
#2142=DIRECTION('',(0.12146380084497,0.99259586191173,-5.5588883134085E-15));
#2143=DIRECTION('',(-0.99259586191173,0.12146380084497,1.5222826934137E-16));
#2144=AXIS2_PLACEMENT_3D('',#2141,#2143,#2142);
#2145=PLANE('',#2144);
#2146=ORIENTED_EDGE('',*,*,#1986,.F.);
#2147=ORIENTED_EDGE('',*,*,#1734,.T.);
#2148=ORIENTED_EDGE('',*,*,#1191,.T.);
#2149=ORIENTED_EDGE('',*,*,#1935,.F.);
#2150=EDGE_LOOP('',(#2146,#2147,#2148,#2149));
#2151=FACE_OUTER_BOUND('',#2150,.F.);
#2152=ADVANCED_FACE('F315',(#2151),#2145,.F.);
#2153=CARTESIAN_POINT('',(-11.98411431809,3.0766012994299,5.5));
#2154=DIRECTION('',(-0.92034513252936,-0.39110719378391,-5.5588883134085E-15));
#2155=DIRECTION('',(0.39110719378391,-0.92034513252936,0.));
#2156=AXIS2_PLACEMENT_3D('',#2153,#2155,#2154);
#2157=PLANE('',#2156);
#2158=ORIENTED_EDGE('',*,*,#2012,.F.);
#2159=ORIENTED_EDGE('',*,*,#1638,.T.);
#2160=ORIENTED_EDGE('',*,*,#1259,.T.);
#2161=ORIENTED_EDGE('',*,*,#1804,.F.);
#2162=EDGE_LOOP('',(#2158,#2159,#2160,#2161));
#2163=FACE_OUTER_BOUND('',#2162,.F.);
#2164=ADVANCED_FACE('F316',(#2163),#2157,.F.);
#2165=CARTESIAN_POINT('',(-10.506929103567,-11.932484554696,5.));
#2166=DIRECTION('',(0.99798557471957,0.063441253547298,0.));
#2167=DIRECTION('',(-0.063441253547298,0.99798557471957,0.));
#2168=AXIS2_PLACEMENT_3D('',#2165,#2167,#2166);
#2169=PLANE('',#2168);
#2170=ORIENTED_EDGE('',*,*,#1655,.T.);
#2171=ORIENTED_EDGE('',*,*,#1331,.T.);
#2172=ORIENTED_EDGE('',*,*,#1763,.F.);
#2173=ORIENTED_EDGE('',*,*,#1015,.F.);
#2174=EDGE_LOOP('',(#2170,#2171,#2172,#2173));
#2175=FACE_OUTER_BOUND('',#2174,.F.);
#2176=ADVANCED_FACE('F317',(#2175),#2169,.F.);
#2177=CARTESIAN_POINT('',(-3.3276422764228,-11.916848091038,5.5));
#2178=DIRECTION('',(-0.79888133168439,-0.60148866812782,6.9486103917607E-16));
#2179=DIRECTION('',(-0.60148866812782,0.79888133168439,4.1094558055793E-17));
#2180=AXIS2_PLACEMENT_3D('',#2177,#2179,#2178);
#2181=PLANE('',#2180);
#2182=ORIENTED_EDGE('',*,*,#2047,.F.);
#2183=ORIENTED_EDGE('',*,*,#1773,.F.);
#2184=ORIENTED_EDGE('',*,*,#1363,.T.);
#2185=ORIENTED_EDGE('',*,*,#1665,.T.);
#2186=EDGE_LOOP('',(#2182,#2183,#2184,#2185));
#2187=FACE_OUTER_BOUND('',#2186,.F.);
#2188=ADVANCED_FACE('F318',(#2187),#2181,.F.);
#2189=CARTESIAN_POINT('',(3.3276422764227,-11.916848091038,5.5));
#2190=DIRECTION('',(0.79888133168439,-0.60148866812782,-5.5588883134086E-15));
#2191=DIRECTION('',(0.60148866812782,0.79888133168439,4.1094558055792E-17));
#2192=AXIS2_PLACEMENT_3D('',#2189,#2191,#2190);
#2193=PLANE('',#2192);
#2194=ORIENTED_EDGE('',*,*,#2064,.F.);
#2195=ORIENTED_EDGE('',*,*,#1686,.T.);
#2196=ORIENTED_EDGE('',*,*,#1400,.T.);
#2197=ORIENTED_EDGE('',*,*,#1870,.F.);
#2198=EDGE_LOOP('',(#2194,#2195,#2196,#2197));
#2199=FACE_OUTER_BOUND('',#2198,.F.);
#2200=ADVANCED_FACE('F319',(#2199),#2193,.F.);
#2201=CARTESIAN_POINT('',(11.984114318091,3.0766012994299,5.5));
#2202=DIRECTION('',(0.92034513252935,-0.39110719378391,-2.0845831175282E-15));
#2203=DIRECTION('',(-0.39110719378391,-0.92034513252935,6.2879283491433E-17));
#2204=AXIS2_PLACEMENT_3D('',#2201,#2203,#2202);
#2205=PLANE('',#2204);
#2206=ORIENTED_EDGE('',*,*,#2099,.F.);
#2207=ORIENTED_EDGE('',*,*,#1839,.T.);
#2208=ORIENTED_EDGE('',*,*,#1499,.T.);
#2209=ORIENTED_EDGE('',*,*,#1713,.T.);
#2210=EDGE_LOOP('',(#2206,#2207,#2208,#2209));
#2211=FACE_OUTER_BOUND('',#2210,.F.);
#2212=ADVANCED_FACE('F320',(#2211),#2205,.F.);
#2213=CARTESIAN_POINT('',(-15.587299306416,-3.1330252421025,5.));
#2214=DIRECTION('',(0.55393452457964,0.83256023354393,-1.5602485217764E-15));
#2215=DIRECTION('',(0.83256023354393,-0.55393452457964,0.));
#2216=AXIS2_PLACEMENT_3D('',#2213,#2215,#2214);
#2217=PLANE('',#2216);
#2218=ORIENTED_EDGE('',*,*,#1646,.F.);
#2219=ORIENTED_EDGE('',*,*,#920,.F.);
#2220=ORIENTED_EDGE('',*,*,#1812,.T.);
#2221=ORIENTED_EDGE('',*,*,#1291,.T.);
#2222=EDGE_LOOP('',(#2218,#2219,#2220,#2221));
#2223=FACE_OUTER_BOUND('',#2222,.F.);
#2224=ADVANCED_FACE('F321',(#2223),#2217,.F.);
#2225=CARTESIAN_POINT('',(10.506929103567,-11.932484554696,5.));
#2226=DIRECTION('',(-0.99798557471957,0.06344125354729,-1.5602485217764E-15));
#2227=DIRECTION('',(0.06344125354729,0.99798557471957,-0.));
#2228=AXIS2_PLACEMENT_3D('',#2225,#2227,#2226);
#2229=PLANE('',#2228);
#2230=ORIENTED_EDGE('',*,*,#1694,.F.);
#2231=ORIENTED_EDGE('',*,*,#986,.F.);
#2232=ORIENTED_EDGE('',*,*,#1878,.F.);
#2233=ORIENTED_EDGE('',*,*,#1432,.T.);
#2234=EDGE_LOOP('',(#2230,#2231,#2232,#2233));
#2235=FACE_OUTER_BOUND('',#2234,.F.);
#2236=ADVANCED_FACE('F322',(#2235),#2229,.F.);
#2237=CARTESIAN_POINT('',(3.9968028886506E-14,6.5725203057809E-14,0.20000000000001));
#2238=DIRECTION('',(-0.20325878973572,-0.97912505043798,0.));
#2239=DIRECTION('',(-0.,-0.,-1.));
#2240=AXIS2_PLACEMENT_3D('',#2237,#2239,#2238);
#2241=CONICAL_SURFACE('',#2240,11.1,0.78539816339747);
#2242=ORIENTED_EDGE('',*,*,#1790,.F.);
#2243=ORIENTED_EDGE('',*,*,#2040,.T.);
#2244=ORIENTED_EDGE('',*,*,#705,.T.);
#2245=ORIENTED_EDGE('',*,*,#2020,.F.);
#2246=EDGE_LOOP('',(#2242,#2243,#2244,#2245));
#2247=FACE_OUTER_BOUND('',#2246,.F.);
#2248=ADVANCED_FACE('F323',(#2247),#2241,.F.);
#2249=CARTESIAN_POINT('',(1.1990408665952E-13,-1.8651746813703E-13,0.2));
#2250=DIRECTION('',(0.23074572629151,-0.97301408509754,0.));
#2251=DIRECTION('',(-0.,-0.,-1.));
#2252=AXIS2_PLACEMENT_3D('',#2249,#2251,#2250);
#2253=CONICAL_SURFACE('',#2252,11.1,0.78539816339745);
#2254=ORIENTED_EDGE('',*,*,#1856,.F.);
#2255=ORIENTED_EDGE('',*,*,#2072,.T.);
#2256=ORIENTED_EDGE('',*,*,#738,.T.);
#2257=ORIENTED_EDGE('',*,*,#2092,.F.);
#2258=EDGE_LOOP('',(#2254,#2255,#2256,#2257));
#2259=FACE_OUTER_BOUND('',#2258,.T.);
#2260=ADVANCED_FACE('F324',(#2259),#2253,.F.);
#2261=CARTESIAN_POINT('',(5.0803702028493,15.065509796799,5.5));
#2262=DIRECTION('',(0.44405105013991,-0.8960014870912,-3.1204970435529E-15));
#2263=DIRECTION('',(-0.8960014870912,-0.44405105013991,0.));
#2264=AXIS2_PLACEMENT_3D('',#2261,#2263,#2262);
#2265=PLANE('',#2264);
#2266=ORIENTED_EDGE('',*,*,#1943,.T.);
#2267=ORIENTED_EDGE('',*,*,#1223,.T.);
#2268=ORIENTED_EDGE('',*,*,#1742,.F.);
#2269=ORIENTED_EDGE('',*,*,#1048,.F.);
#2270=EDGE_LOOP('',(#2266,#2267,#2268,#2269));
#2271=FACE_OUTER_BOUND('',#2270,.F.);
#2272=ADVANCED_FACE('F325',(#2271),#2265,.F.);
#2273=CARTESIAN_POINT('',(15.587299306416,-3.1330252421025,5.5));
#2274=DIRECTION('',(-0.55393452457967,0.83256023354392,0.));
#2275=DIRECTION('',(-0.83256023354392,-0.55393452457967,1.120843381581E-16));
#2276=AXIS2_PLACEMENT_3D('',#2273,#2275,#2274);
#2277=PLANE('',#2276);
#2278=ORIENTED_EDGE('',*,*,#1703,.T.);
#2279=ORIENTED_EDGE('',*,*,#1472,.T.);
#2280=ORIENTED_EDGE('',*,*,#1829,.F.);
#2281=ORIENTED_EDGE('',*,*,#1076,.F.);
#2282=EDGE_LOOP('',(#2278,#2279,#2280,#2281));
#2283=FACE_OUTER_BOUND('',#2282,.F.);
#2284=ADVANCED_FACE('F326',(#2283),#2277,.F.);
#2285=CLOSED_SHELL('',(#85,#151,#217,#234,#251,#268,#285,#336,#387,#438,#463,#488,#513,#522,#531,#540,#573,#598,#623,#648,#673,#715,#757,#794,#899,#932,#965,#998,#1026,#1059,#1087,#1127,#1160,#1202,#1233,#1270,#1301,#1341,#1374,#1411,#1442,#1482,#1510,#1527,#1544,#1561,#1578,#1595,#1750,#1816,#1882,#1948,#1974,#2000,#2026,#2052,#2078,#2104,#2116,#2128,#2140,#2152,#2164,#2176,#2188,#2200,#2212,#2224,#2236,#2248,#2260,#2272,#2284));
#2286=COLOUR_RGB('',0.745098,0.901961,0.960784);
#2287=FILL_AREA_STYLE_COLOUR('',#2286);
#2288=FILL_AREA_STYLE('',(#2287));
#2289=SURFACE_STYLE_FILL_AREA(#2288);
#2290=SURFACE_SIDE_STYLE('',(#2289));
#2291=SURFACE_STYLE_USAGE(.BOTH.,#2290);
#2292=PRESENTATION_STYLE_ASSIGNMENT((#2291));
#2293=OVER_RIDING_STYLED_ITEM('',(#2292),#85,#2285);
#2294=OVER_RIDING_STYLED_ITEM('',(#2292),#151,#2285);
#2295=OVER_RIDING_STYLED_ITEM('',(#2292),#217,#2285);
#2296=OVER_RIDING_STYLED_ITEM('',(#2292),#234,#2285);
#2297=OVER_RIDING_STYLED_ITEM('',(#2292),#251,#2285);
#2298=OVER_RIDING_STYLED_ITEM('',(#2292),#268,#2285);
#2299=OVER_RIDING_STYLED_ITEM('',(#2292),#285,#2285);
#2300=OVER_RIDING_STYLED_ITEM('',(#2292),#336,#2285);
#2301=OVER_RIDING_STYLED_ITEM('',(#2292),#387,#2285);
#2302=OVER_RIDING_STYLED_ITEM('',(#2292),#438,#2285);
#2303=OVER_RIDING_STYLED_ITEM('',(#2292),#463,#2285);
#2304=OVER_RIDING_STYLED_ITEM('',(#2292),#488,#2285);
#2305=OVER_RIDING_STYLED_ITEM('',(#2292),#513,#2285);
#2306=OVER_RIDING_STYLED_ITEM('',(#2292),#522,#2285);
#2307=OVER_RIDING_STYLED_ITEM('',(#2292),#531,#2285);
#2308=OVER_RIDING_STYLED_ITEM('',(#2292),#540,#2285);
#2309=OVER_RIDING_STYLED_ITEM('',(#2292),#573,#2285);
#2310=OVER_RIDING_STYLED_ITEM('',(#2292),#598,#2285);
#2311=OVER_RIDING_STYLED_ITEM('',(#2292),#623,#2285);
#2312=OVER_RIDING_STYLED_ITEM('',(#2292),#648,#2285);
#2313=OVER_RIDING_STYLED_ITEM('',(#2292),#673,#2285);
#2314=OVER_RIDING_STYLED_ITEM('',(#2292),#715,#2285);
#2315=OVER_RIDING_STYLED_ITEM('',(#2292),#757,#2285);
#2316=OVER_RIDING_STYLED_ITEM('',(#2292),#794,#2285);
#2317=OVER_RIDING_STYLED_ITEM('',(#2292),#899,#2285);
#2318=OVER_RIDING_STYLED_ITEM('',(#2292),#932,#2285);
#2319=OVER_RIDING_STYLED_ITEM('',(#2292),#965,#2285);
#2320=OVER_RIDING_STYLED_ITEM('',(#2292),#998,#2285);
#2321=OVER_RIDING_STYLED_ITEM('',(#2292),#1026,#2285);
#2322=OVER_RIDING_STYLED_ITEM('',(#2292),#1059,#2285);
#2323=OVER_RIDING_STYLED_ITEM('',(#2292),#1087,#2285);
#2324=OVER_RIDING_STYLED_ITEM('',(#2292),#1127,#2285);
#2325=OVER_RIDING_STYLED_ITEM('',(#2292),#1160,#2285);
#2326=OVER_RIDING_STYLED_ITEM('',(#2292),#1202,#2285);
#2327=OVER_RIDING_STYLED_ITEM('',(#2292),#1233,#2285);
#2328=OVER_RIDING_STYLED_ITEM('',(#2292),#1270,#2285);
#2329=OVER_RIDING_STYLED_ITEM('',(#2292),#1301,#2285);
#2330=OVER_RIDING_STYLED_ITEM('',(#2292),#1341,#2285);
#2331=OVER_RIDING_STYLED_ITEM('',(#2292),#1374,#2285);
#2332=OVER_RIDING_STYLED_ITEM('',(#2292),#1411,#2285);
#2333=OVER_RIDING_STYLED_ITEM('',(#2292),#1442,#2285);
#2334=OVER_RIDING_STYLED_ITEM('',(#2292),#1482,#2285);
#2335=OVER_RIDING_STYLED_ITEM('',(#2292),#1510,#2285);
#2336=OVER_RIDING_STYLED_ITEM('',(#2292),#1527,#2285);
#2337=OVER_RIDING_STYLED_ITEM('',(#2292),#1544,#2285);
#2338=OVER_RIDING_STYLED_ITEM('',(#2292),#1561,#2285);
#2339=OVER_RIDING_STYLED_ITEM('',(#2292),#1578,#2285);
#2340=OVER_RIDING_STYLED_ITEM('',(#2292),#1595,#2285);
#2341=OVER_RIDING_STYLED_ITEM('',(#2292),#1750,#2285);
#2342=OVER_RIDING_STYLED_ITEM('',(#2292),#1816,#2285);
#2343=OVER_RIDING_STYLED_ITEM('',(#2292),#1882,#2285);
#2344=OVER_RIDING_STYLED_ITEM('',(#2292),#1948,#2285);
#2345=OVER_RIDING_STYLED_ITEM('',(#2292),#1974,#2285);
#2346=OVER_RIDING_STYLED_ITEM('',(#2292),#2000,#2285);
#2347=OVER_RIDING_STYLED_ITEM('',(#2292),#2026,#2285);
#2348=OVER_RIDING_STYLED_ITEM('',(#2292),#2052,#2285);
#2349=OVER_RIDING_STYLED_ITEM('',(#2292),#2078,#2285);
#2350=OVER_RIDING_STYLED_ITEM('',(#2292),#2104,#2285);
#2351=OVER_RIDING_STYLED_ITEM('',(#2292),#2116,#2285);
#2352=OVER_RIDING_STYLED_ITEM('',(#2292),#2128,#2285);
#2353=OVER_RIDING_STYLED_ITEM('',(#2292),#2140,#2285);
#2354=OVER_RIDING_STYLED_ITEM('',(#2292),#2152,#2285);
#2355=OVER_RIDING_STYLED_ITEM('',(#2292),#2164,#2285);
#2356=OVER_RIDING_STYLED_ITEM('',(#2292),#2176,#2285);
#2357=OVER_RIDING_STYLED_ITEM('',(#2292),#2188,#2285);
#2358=OVER_RIDING_STYLED_ITEM('',(#2292),#2200,#2285);
#2359=OVER_RIDING_STYLED_ITEM('',(#2292),#2212,#2285);
#2360=OVER_RIDING_STYLED_ITEM('',(#2292),#2224,#2285);
#2361=OVER_RIDING_STYLED_ITEM('',(#2292),#2236,#2285);
#2362=OVER_RIDING_STYLED_ITEM('',(#2292),#2248,#2285);
#2363=OVER_RIDING_STYLED_ITEM('',(#2292),#2260,#2285);
#2364=OVER_RIDING_STYLED_ITEM('',(#2292),#2272,#2285);
#2365=OVER_RIDING_STYLED_ITEM('',(#2292),#2284,#2285);
#2366=MANIFOLD_SOLID_BREP('S1',#2285);
#2367=ADVANCED_BREP_SHAPE_REPRESENTATION('',(#2366), #5);
#2368=SHAPE_REPRESENTATION_RELATIONSHIP('','',#18,#2367);
#2369=CARTESIAN_POINT('',(2.75,17.77488177991,0.));
#2370=CARTESIAN_POINT('',(2.75,16.387440889955,0.));
#2371=CARTESIAN_POINT('',(2.75,15.,0.));
#2372=CARTESIAN_POINT('',(2.75,12.25,0.));
#2373=CARTESIAN_POINT('',(-9.4925601449835E-16,12.25,0.));
#2374=CARTESIAN_POINT('',(-2.75,12.25,0.));
#2375=CARTESIAN_POINT('',(-2.75,15.,0.));
#2376=CARTESIAN_POINT('',(-2.75,16.386282938118,0.));
#2377=CARTESIAN_POINT('',(-2.75,17.772565876236,0.));
#2378=(BOUNDED_CURVE()B_SPLINE_CURVE(2,(#2369,#2370,#2371,#2372,#2373,#2374,#2375,#2376,#2377),.UNSPECIFIED.,.F.,.U.)B_SPLINE_CURVE_WITH_KNOTS((3,2,2,2,3),(0.,0.20823656321769,0.50008689664283,0.79193723006797,1.),.UNSPECIFIED.)CURVE()GEOMETRIC_REPRESENTATION_ITEM()RATIONAL_B_SPLINE_CURVE((1.,1.,1.,0.70710678118655,1.,0.70710678118655,1.,1.,1.))REPRESENTATION_ITEM('Cv359'));
#2379=COLOUR_RGB('',0.,0.,0.000000);
#2380=DRAUGHTING_PRE_DEFINED_CURVE_FONT('continuous');
#2381=CURVE_STYLE('None', #2380, 'POSITIVE_LENGTH_MEASURE( 0 )', #2379);
#2382=PRESENTATION_STYLE_ASSIGNMENT((#2381));
#2383=STYLED_ITEM('None', (#2382), #2378);
#2384=CARTESIAN_POINT('',(-16.768499170667,-6.5058710295479,0.));
#2385=CARTESIAN_POINT('',(-15.566940113717,-5.8121505845703,0.));
#2386=CARTESIAN_POINT('',(-14.365381056767,-5.1184301395928,0.));
#2387=CARTESIAN_POINT('',(-11.983811196359,-3.7434301395928,0.));
#2388=CARTESIAN_POINT('',(-10.608811196359,-6.125,0.));
#2389=CARTESIAN_POINT('',(-9.2338111963594,-8.5065698604072,0.));
#2390=CARTESIAN_POINT('',(-11.615381056767,-9.8815698604072,0.));
#2391=CARTESIAN_POINT('',(-12.81593729801,-10.574711329466,0.));
#2392=CARTESIAN_POINT('',(-14.016493539253,-11.267852798525,0.));
#2393=(BOUNDED_CURVE()B_SPLINE_CURVE(2,(#2384,#2385,#2386,#2387,#2388,#2389,#2390,#2391,#2392),.UNSPECIFIED.,.F.,.U.)B_SPLINE_CURVE_WITH_KNOTS((3,2,2,2,3),(0.,0.20823656321769,0.50008689664283,0.79193723006797,1.),.UNSPECIFIED.)CURVE()GEOMETRIC_REPRESENTATION_ITEM()RATIONAL_B_SPLINE_CURVE((1.,1.,1.,0.70710678118655,1.,0.70710678118655,1.,1.,1.))REPRESENTATION_ITEM('Cv210'));
#2394=STYLED_ITEM('None', (#2382), #2393);
#2395=CARTESIAN_POINT('',(14.018499170667,-11.269010750362,0.));
#2396=CARTESIAN_POINT('',(12.816940113717,-10.575290305385,0.));
#2397=CARTESIAN_POINT('',(11.615381056767,-9.8815698604072,0.));
#2398=CARTESIAN_POINT('',(9.2338111963594,-8.5065698604072,0.));
#2399=CARTESIAN_POINT('',(10.608811196359,-6.125,0.));
#2400=CARTESIAN_POINT('',(11.983811196359,-3.7434301395928,0.));
#2401=CARTESIAN_POINT('',(14.365381056767,-5.1184301395928,0.));
#2402=CARTESIAN_POINT('',(15.56593729801,-5.8115716086518,0.));
#2403=CARTESIAN_POINT('',(16.766493539253,-6.5047130777108,0.));
#2404=(BOUNDED_CURVE()B_SPLINE_CURVE(2,(#2395,#2396,#2397,#2398,#2399,#2400,#2401,#2402,#2403),.UNSPECIFIED.,.F.,.U.)B_SPLINE_CURVE_WITH_KNOTS((3,2,2,2,3),(0.,0.20823656321769,0.50008689664283,0.79193723006797,1.),.UNSPECIFIED.)CURVE()GEOMETRIC_REPRESENTATION_ITEM()RATIONAL_B_SPLINE_CURVE((1.,1.,1.,0.70710678118655,1.,0.70710678118655,1.,1.,1.))REPRESENTATION_ITEM('Cv227'));
#2405=STYLED_ITEM('None', (#2382), #2404);
#2406=CARTESIAN_POINT('',(1.0658141036402E-14,-1.7763568394003E-15,0.));
#2407=DIRECTION('',(0.93229719966762,-0.36169314548648,0.));
#2408=DIRECTION('',(0.,0.,1.));
#2409=AXIS2_PLACEMENT_3D('',#2406,#2408,#2407);
#2410=CIRCLE('',#2409,17.984065108455);
#2411=TRIMMED_CURVE('',#2410,(PARAMETER_VALUE(0.)),(PARAMETER_VALUE(1.7873839514857)),.T.,.PARAMETER.);
#2412=STYLED_ITEM('None', (#2382), #2411);
#2413=CARTESIAN_POINT('',(-4.2,17.488736376032,0.));
#2414=CARTESIAN_POINT('',(-4.2,16.244368188016,0.));
#2415=CARTESIAN_POINT('',(-4.2,15.,0.));
#2416=CARTESIAN_POINT('',(-4.2,10.8,0.));
#2417=CARTESIAN_POINT('',(4.1134538248879E-15,10.8,0.));
#2418=CARTESIAN_POINT('',(4.2,10.8,0.));
#2419=CARTESIAN_POINT('',(4.2,15.,0.));
#2420=CARTESIAN_POINT('',(4.2,16.251719922631,0.));
#2421=CARTESIAN_POINT('',(4.1966640186354,17.489537190705,0.));
#2422=(BOUNDED_CURVE()B_SPLINE_CURVE(2,(#2413,#2414,#2415,#2416,#2417,#2418,#2419,#2420,#2421),.UNSPECIFIED.,.F.,.U.)B_SPLINE_CURVE_WITH_KNOTS((3,2,2,2,3),(0.,0.14751065577238,0.49956425308661,0.85161785040083,1.),.UNSPECIFIED.)CURVE()GEOMETRIC_REPRESENTATION_ITEM()RATIONAL_B_SPLINE_CURVE((1.,1.,1.,0.70710678118655,1.,0.70710678118655,1.,1.,1.))REPRESENTATION_ITEM('Cv649'));
#2423=STYLED_ITEM('None', (#2382), #2422);
#2424=CARTESIAN_POINT('',(-13.045689981733,-12.381674883911,0.));
#2425=CARTESIAN_POINT('',(-11.96803551925,-11.759490789903,0.));
#2426=CARTESIAN_POINT('',(-10.890381056767,-11.137306695895,0.));
#2427=CARTESIAN_POINT('',(-7.2530743608719,-9.0373066958946,0.));
#2428=CARTESIAN_POINT('',(-9.3530743608719,-5.4,0.));
#2429=CARTESIAN_POINT('',(-11.453074360872,-1.7626933041053,0.));
#2430=CARTESIAN_POINT('',(-15.090381056767,-3.8626933041053,0.));
#2431=CARTESIAN_POINT('',(-16.174402308188,-4.4885532654209,0.));
#2432=CARTESIAN_POINT('',(-17.244715516901,-5.1103509440661,0.));
#2433=(BOUNDED_CURVE()B_SPLINE_CURVE(2,(#2424,#2425,#2426,#2427,#2428,#2429,#2430,#2431,#2432),.UNSPECIFIED.,.F.,.U.)B_SPLINE_CURVE_WITH_KNOTS((3,2,2,2,3),(0.,0.14751065577238,0.49956425308661,0.85161785040083,1.),.UNSPECIFIED.)CURVE()GEOMETRIC_REPRESENTATION_ITEM()RATIONAL_B_SPLINE_CURVE((1.,1.,1.,0.70710678118655,1.,0.70710678118655,1.,1.,1.))REPRESENTATION_ITEM('Cv1393'));
#2434=STYLED_ITEM('None', (#2382), #2433);
#2435=CARTESIAN_POINT('',(17.245689981733,-5.1070614921215,0.));
#2436=CARTESIAN_POINT('',(16.16803551925,-4.4848773981135,0.));
#2437=CARTESIAN_POINT('',(15.090381056767,-3.8626933041054,0.));
#2438=CARTESIAN_POINT('',(11.453074360872,-1.7626933041054,0.));
#2439=CARTESIAN_POINT('',(9.3530743608719,-5.4,0.));
#2440=CARTESIAN_POINT('',(7.2530743608719,-9.0373066958947,0.));
#2441=CARTESIAN_POINT('',(10.890381056767,-11.137306695895,0.));
#2442=CARTESIAN_POINT('',(11.974402308188,-11.76316665721,0.));
#2443=CARTESIAN_POINT('',(13.048051498265,-12.379186246639,0.));
#2444=(BOUNDED_CURVE()B_SPLINE_CURVE(2,(#2435,#2436,#2437,#2438,#2439,#2440,#2441,#2442,#2443),.UNSPECIFIED.,.F.,.U.)B_SPLINE_CURVE_WITH_KNOTS((3,2,2,2,3),(0.,0.14751065577238,0.49956425308661,0.85161785040083,1.),.UNSPECIFIED.)CURVE()GEOMETRIC_REPRESENTATION_ITEM()RATIONAL_B_SPLINE_CURVE((1.,1.,1.,0.70710678118655,1.,0.70710678118655,1.,1.,1.))REPRESENTATION_ITEM('Cv1476'));
#2445=STYLED_ITEM('None', (#2382), #2444);
#2446=CARTESIAN_POINT('',(-5.3290705182008E-15,1.7763568394003E-15,0.));
#2447=DIRECTION('',(-0.23351506289951,0.97235318449576,0.));
#2448=DIRECTION('',(0.,0.,1.));
#2449=AXIS2_PLACEMENT_3D('',#2446,#2448,#2447);
#2450=CIRCLE('',#2449,17.98599177222);
#2451=TRIMMED_CURVE('',#2450,(PARAMETER_VALUE(0.)),(PARAMETER_VALUE(1.6232035899227)),.T.,.PARAMETER.);
#2452=STYLED_ITEM('None', (#2382), #2451);
#2453=CARTESIAN_POINT('',(8.1922316153005E-16,0.,0.));
#2454=DIRECTION('',(-0.72532502777427,-0.68840656888518,0.));
#2455=DIRECTION('',(0.,-0.,1.));
#2456=AXIS2_PLACEMENT_3D('',#2453,#2455,#2454);
#2457=CIRCLE('',#2456,17.98599177222);
#2458=TRIMMED_CURVE('',#2457,(PARAMETER_VALUE(0.)),(PARAMETER_VALUE(1.6232035899227)),.T.,.PARAMETER.);
#2459=STYLED_ITEM('None', (#2382), #2458);
#2460=CARTESIAN_POINT('',(-1.7763568394003E-15,-5.3290705182008E-15,0.));
#2461=DIRECTION('',(0.95884009067378,-0.28394661561058,0.));
#2462=DIRECTION('',(0.,0.,1.));
#2463=AXIS2_PLACEMENT_3D('',#2460,#2462,#2461);
#2464=CIRCLE('',#2463,17.98599177222);
#2465=TRIMMED_CURVE('',#2464,(PARAMETER_VALUE(0.)),(PARAMETER_VALUE(1.6232035899227)),.T.,.PARAMETER.);
#2466=STYLED_ITEM('None', (#2382), #2465);
#2467=CARTESIAN_POINT('',(3.5527136788005E-15,0.,0.));
#2468=DIRECTION('',(-0.15303597576913,0.98822061814171,0.));
#2469=DIRECTION('',(0.,0.,1.));
#2470=AXIS2_PLACEMENT_3D('',#2467,#2469,#2468);
#2471=CIRCLE('',#2470,17.983573415954);
#2472=TRIMMED_CURVE('',#2471,(PARAMETER_VALUE(0.)),(PARAMETER_VALUE(1.7872596602927)),.T.,.PARAMETER.);
#2473=STYLED_ITEM('None', (#2382), #2472);
#2474=CARTESIAN_POINT('',(2.0570025717481E-15,0.,0.));
#2475=DIRECTION('',(-0.77938405219981,-0.62654648604601,0.));
#2476=DIRECTION('',(0.,-0.,1.));
#2477=AXIS2_PLACEMENT_3D('',#2474,#2476,#2475);
#2478=CIRCLE('',#2477,17.984065108455);
#2479=TRIMMED_CURVE('',#2478,(PARAMETER_VALUE(0.)),(PARAMETER_VALUE(1.7873839514857)),.T.,.PARAMETER.);
#2480=STYLED_ITEM('None', (#2382), #2479);
#2481=CARTESIAN_POINT('',(0.,0.,0.));
#2482=COLOUR_RGB('',0.376471,0.376471,0.376471);
#2483=DRAUGHTING_PRE_DEFINED_CURVE_FONT('continuous');
#2484=CURVE_STYLE('None', #2483, 'POSITIVE_LENGTH_MEASURE( 0 )', #2482);
#2485=PRESENTATION_STYLE_ASSIGNMENT((#2484));
#2486=STYLED_ITEM('None', (#2485), #2481);
#2487=CARTESIAN_POINT('',(0.,0.,0.));
#2488=STYLED_ITEM('None', (#2485), #2487);
#2489=CARTESIAN_POINT('',(-2.7521337055263,17.771738037511,0.));
#2490=STYLED_ITEM('None', (#2382), #2489);
#2491=CARTESIAN_POINT('',(2.7496500766027,17.772620017358,0.));
#2492=STYLED_ITEM('None', (#2382), #2491);
#2493=CARTESIAN_POINT('',(-5.6568542494924,5.6568542494924,0.));
#2494=DIRECTION('',(-0.,1.,-0.));
#2495=DIRECTION('',(0.,0.,1.));
#2496=AXIS2_PLACEMENT_3D('',#2493,#2495,#2494);
#2497=CIRCLE('',#2496,1.5);
#2498=TRIMMED_CURVE('',#2497,(PARAMETER_VALUE(0.)),(PARAMETER_VALUE(6.2831853071796)),.T.,.PARAMETER.);
#2499=STYLED_ITEM('None', (#2382), #2498);
#2500=CARTESIAN_POINT('',(1.0244161070157E-15,-3.5527136788005E-15,0.));
#2501=DIRECTION('',(-0.65605902899051,-0.75470958022277,0.));
#2502=DIRECTION('',(-0.,0.,1.));
#2503=AXIS2_PLACEMENT_3D('',#2500,#2502,#2501);
#2504=CIRCLE('',#2503,20.);
#2505=TRIMMED_CURVE('',#2504,(PARAMETER_VALUE(0.)),(PARAMETER_VALUE(1.4311699866354)),.T.,.PARAMETER.);
#2506=STYLED_ITEM('None', (#2382), #2505);
#2507=CARTESIAN_POINT('',(1.5305844380665E-15,-1.7763568394003E-15,0.));
#2508=DIRECTION('',(-0.65605902899051,-0.75470958022277,0.));
#2509=DIRECTION('',(-0.,0.,1.));
#2510=AXIS2_PLACEMENT_3D('',#2507,#2509,#2508);
#2511=CIRCLE('',#2510,12.5);
#2512=TRIMMED_CURVE('',#2511,(PARAMETER_VALUE(0.)),(PARAMETER_VALUE(1.4311699866354)),.T.,.PARAMETER.);
#2513=STYLED_ITEM('None', (#2382), #2512);
#2514=CARTESIAN_POINT('',(8.2007378623813,-9.4338697527847,0.));
#2515=DIRECTION('',(0.65605902899051,-0.75470958022277,0.));
#2516=VECTOR('',#2515,7.5);
#2517=LINE('',#2514,#2516);
#2518=TRIMMED_CURVE('',#2517,(PARAMETER_VALUE(0.)),(PARAMETER_VALUE(1.0)),.T.,.PARAMETER.);
#2519=STYLED_ITEM('None', (#2382), #2518);
#2520=CARTESIAN_POINT('',(-8.2007378623813,-9.4338697527846,0.));
#2521=DIRECTION('',(-0.65605902899051,-0.75470958022277,0.));
#2522=VECTOR('',#2521,7.5);
#2523=LINE('',#2520,#2522);
#2524=TRIMMED_CURVE('',#2523,(PARAMETER_VALUE(0.)),(PARAMETER_VALUE(1.0)),.T.,.PARAMETER.);
#2525=STYLED_ITEM('None', (#2382), #2524);
#2526=GEOMETRIC_CURVE_SET('None',(#2378,#2393,#2404,#2411,#2422,#2433,#2444,#2451,#2458,#2465,#2472,#2479,#2481,#2487,#2489,#2491,#2498,#2505,#2512,#2518,#2524));
#2527=GEOMETRICALLY_BOUNDED_WIREFRAME_SHAPE_REPRESENTATION('None',(#2526),#5);
#2528=SHAPE_REPRESENTATION_RELATIONSHIP('None','None',#18,#2527);
#2529=PRESENTATION_LAYER_ASSIGNMENT('Í¼²ã0000','',(#2366,#2378,#2393,#2404,#2411,#2422,#2433,#2444,#2451,#2458,#2465,#2472,#2479,#2481,#2487,#2489,#2491,#2498,#2505,#2512,#2518,#2524));
#2530=MECHANICAL_DESIGN_GEOMETRIC_PRESENTATION_REPRESENTATION('',(#2293,#2294,#2295,#2296,#2297,#2298,#2299,#2300,#2301,#2302,#2303,#2304,#2305,#2306,#2307,#2308,#2309,#2310,#2311,#2312,#2313,#2314,#2315,#2316,#2317,#2318,#2319,#2320,#2321,#2322,#2323,#2324,#2325,#2326,#2327,#2328,#2329,#2330,#2331,#2332,#2333,#2334,#2335,#2336,#2337,#2338,#2339,#2340,#2341,#2342,#2343,#2344,#2345,#2346,#2347,#2348,#2349,#2350,#2351,#2352,#2353,#2354,#2355,#2356,#2357,#2358,#2359,#2360,#2361,#2362,#2363,#2364,#2365,#2383,#2394,#2405,#2412,#2423,#2434,#2445,#2452,#2459,#2466,#2473,#2480,#2486,#2488,#2490,#2492,#2499,#2506,#2513,#2519,#2525),#5);
ENDSEC;
END-ISO-10303-21;
